,healthCode,recordPath
0,f8294c22-9dcc-4280-beb2-5e4f818c7755,result/feature_seg/ce59c027-647b-4d02-9d03-8449ae2586a9_16.png
1,f8294c22-9dcc-4280-beb2-5e4f818c7755,result/feature_seg/93ebec2f-5f5a-4a78-a75b-c8383f4abac0_0.png
2,f8294c22-9dcc-4280-beb2-5e4f818c7755,result/feature_seg/b5f68fb5-8941-46ca-86b2-10c6b7360b3c_18.png
3,f8294c22-9dcc-4280-beb2-5e4f818c7755,result/feature_seg/5c2c028c-1287-4371-ab71-5a4baa9d6b45_5.png
4,f8294c22-9dcc-4280-beb2-5e4f818c7755,result/feature_seg/bcc54110-f3e5-4045-bcb6-a05f8f11bd16_0.png
5,f8294c22-9dcc-4280-beb2-5e4f818c7755,result/feature_seg/ce469290-4c8e-4591-9814-e1574620e5eb_10.png
6,f8294c22-9dcc-4280-beb2-5e4f818c7755,result/feature_seg/a0d8e5a7-eb1d-4537-ba1b-c8d2ca8ca121_10.png
7,f8294c22-9dcc-4280-beb2-5e4f818c7755,result/feature_seg/01c4ccc7-760a-49d5-9c87-65b134aad157_7.png
8,f8294c22-9dcc-4280-beb2-5e4f818c7755,result/feature_seg/d875ee3d-8a66-4acb-83d6-45c4f4254906_2.png
9,f8294c22-9dcc-4280-beb2-5e4f818c7755,result/feature_seg/5c2c028c-1287-4371-ab71-5a4baa9d6b45_10.png
10,f8294c22-9dcc-4280-beb2-5e4f818c7755,result/feature_seg/459922c0-cf0c-41a0-bbd8-15bb1c4814f7_16.png
11,f8294c22-9dcc-4280-beb2-5e4f818c7755,result/feature_seg/73594ea7-d99e-4a53-a928-9c122efecf8e_10.png
12,f8294c22-9dcc-4280-beb2-5e4f818c7755,result/feature_seg/48ab675b-74f6-4937-87e2-ce4fcc144397_4.png
13,f8294c22-9dcc-4280-beb2-5e4f818c7755,result/feature_seg/07177902-c81c-44b0-9cac-71020ed640ca_16.png
14,f8294c22-9dcc-4280-beb2-5e4f818c7755,result/feature_seg/8353ef56-cd1e-4ac9-8ada-3b05077ecb0b_11.png
15,f8294c22-9dcc-4280-beb2-5e4f818c7755,result/feature_seg/02a2a714-ea3d-44aa-92de-33b45ac1a2f2_22.png
16,f8294c22-9dcc-4280-beb2-5e4f818c7755,result/feature_seg/73594ea7-d99e-4a53-a928-9c122efecf8e_5.png
17,f8294c22-9dcc-4280-beb2-5e4f818c7755,result/feature_seg/04f6cb18-f7c9-40e4-9387-6ade8f1428e0_7.png
18,f8294c22-9dcc-4280-beb2-5e4f818c7755,result/feature_seg/92a752a7-c8e9-49bc-83af-f362d0f92974_2.png
19,f8294c22-9dcc-4280-beb2-5e4f818c7755,result/feature_seg/49c1047b-e906-44a6-89fe-ca588aef08f3_3.png
20,f8294c22-9dcc-4280-beb2-5e4f818c7755,result/feature_seg/e685f860-a812-426c-a0ee-7753ba66fd82_18.png
21,f8294c22-9dcc-4280-beb2-5e4f818c7755,result/feature_seg/e685f860-a812-426c-a0ee-7753ba66fd82_8.png
22,f8294c22-9dcc-4280-beb2-5e4f818c7755,result/feature_seg/07177902-c81c-44b0-9cac-71020ed640ca_6.png
23,f8294c22-9dcc-4280-beb2-5e4f818c7755,result/feature_seg/67e38eab-a758-4451-964a-3d8813e576ae_8.png
24,f8294c22-9dcc-4280-beb2-5e4f818c7755,result/feature_seg/090f64b4-3613-4ebb-8623-89dbe0fee7cc_6.png
25,f8294c22-9dcc-4280-beb2-5e4f818c7755,result/feature_seg/c69aea99-1c28-47cf-a991-ad3a18fbebde_3.png
26,f8294c22-9dcc-4280-beb2-5e4f818c7755,result/feature_seg/73a21475-8965-4ef5-92d6-4289d4851d32_12.png
27,f8294c22-9dcc-4280-beb2-5e4f818c7755,result/feature_seg/c257d971-c345-4b77-9ac4-a6b854b36198_8.png
28,f8294c22-9dcc-4280-beb2-5e4f818c7755,result/feature_seg/0303ffed-f12a-42a7-85be-82636b3ed5a1_2.png
29,f8294c22-9dcc-4280-beb2-5e4f818c7755,result/feature_seg/4987677a-8268-4d28-925a-7177b6e1308b_1.png
30,f8294c22-9dcc-4280-beb2-5e4f818c7755,result/feature_seg/8717131c-9a05-4377-904a-f0653cf73e01_15.png
31,f8294c22-9dcc-4280-beb2-5e4f818c7755,result/feature_seg/d91bc9ad-abd2-420d-8f87-5174ee57d0c4_20.png
32,f8294c22-9dcc-4280-beb2-5e4f818c7755,result/feature_seg/01c4ccc7-760a-49d5-9c87-65b134aad157_18.png
33,f8294c22-9dcc-4280-beb2-5e4f818c7755,result/feature_seg/01c4ccc7-760a-49d5-9c87-65b134aad157_1.png
34,f8294c22-9dcc-4280-beb2-5e4f818c7755,result/feature_seg/ce469290-4c8e-4591-9814-e1574620e5eb_12.png
35,f8294c22-9dcc-4280-beb2-5e4f818c7755,result/feature_seg/8c5936cd-98e5-4688-9927-a49ef83ffc22_6.png
36,f8294c22-9dcc-4280-beb2-5e4f818c7755,result/feature_seg/92a752a7-c8e9-49bc-83af-f362d0f92974_7.png
37,f8294c22-9dcc-4280-beb2-5e4f818c7755,result/feature_seg/e716c6c9-efdf-4a6c-afd2-5abca61cce7d_13.png
38,f8294c22-9dcc-4280-beb2-5e4f818c7755,result/feature_seg/9fbdfce5-0815-4677-a3e7-c8fa2620f880_7.png
39,f8294c22-9dcc-4280-beb2-5e4f818c7755,result/feature_seg/679d03cd-2660-4118-bd67-83380fd875ef_3.png
40,f8294c22-9dcc-4280-beb2-5e4f818c7755,result/feature_seg/9fbdfce5-0815-4677-a3e7-c8fa2620f880_20.png
41,f8294c22-9dcc-4280-beb2-5e4f818c7755,result/feature_seg/93ebec2f-5f5a-4a78-a75b-c8383f4abac0_8.png
42,f8294c22-9dcc-4280-beb2-5e4f818c7755,result/feature_seg/26f9a9e0-e6f2-410c-9b0b-7573976b989c_6.png
43,f8294c22-9dcc-4280-beb2-5e4f818c7755,result/feature_seg/aa830332-9ff1-4802-9bd9-367004ebf4dd_1.png
44,f8294c22-9dcc-4280-beb2-5e4f818c7755,result/feature_seg/bdc28a29-339a-4889-b88d-5fedc36a31a5_15.png
45,f8294c22-9dcc-4280-beb2-5e4f818c7755,result/feature_seg/4945b422-0078-4db5-a5bc-c8714f67bc3f_14.png
46,f8294c22-9dcc-4280-beb2-5e4f818c7755,result/feature_seg/02a2a714-ea3d-44aa-92de-33b45ac1a2f2_23.png
47,f8294c22-9dcc-4280-beb2-5e4f818c7755,result/feature_seg/9fbdfce5-0815-4677-a3e7-c8fa2620f880_18.png
48,f8294c22-9dcc-4280-beb2-5e4f818c7755,result/feature_seg/8717131c-9a05-4377-904a-f0653cf73e01_18.png
49,f8294c22-9dcc-4280-beb2-5e4f818c7755,result/feature_seg/ce469290-4c8e-4591-9814-e1574620e5eb_13.png
50,f8294c22-9dcc-4280-beb2-5e4f818c7755,result/feature_seg/d875ee3d-8a66-4acb-83d6-45c4f4254906_8.png
51,f8294c22-9dcc-4280-beb2-5e4f818c7755,result/feature_seg/4987677a-8268-4d28-925a-7177b6e1308b_8.png
52,f8294c22-9dcc-4280-beb2-5e4f818c7755,result/feature_seg/c257d971-c345-4b77-9ac4-a6b854b36198_5.png
53,f8294c22-9dcc-4280-beb2-5e4f818c7755,result/feature_seg/ce469290-4c8e-4591-9814-e1574620e5eb_0.png
54,f8294c22-9dcc-4280-beb2-5e4f818c7755,result/feature_seg/bdc28a29-339a-4889-b88d-5fedc36a31a5_9.png
55,f8294c22-9dcc-4280-beb2-5e4f818c7755,result/feature_seg/5c2c028c-1287-4371-ab71-5a4baa9d6b45_3.png
56,f8294c22-9dcc-4280-beb2-5e4f818c7755,result/feature_seg/26f9a9e0-e6f2-410c-9b0b-7573976b989c_7.png
57,f8294c22-9dcc-4280-beb2-5e4f818c7755,result/feature_seg/92a752a7-c8e9-49bc-83af-f362d0f92974_0.png
58,f8294c22-9dcc-4280-beb2-5e4f818c7755,result/feature_seg/8e4e0a25-a588-4fa3-b16b-058aa6ef9297_12.png
59,f8294c22-9dcc-4280-beb2-5e4f818c7755,result/feature_seg/0303ffed-f12a-42a7-85be-82636b3ed5a1_4.png
60,f8294c22-9dcc-4280-beb2-5e4f818c7755,result/feature_seg/21b96a0f-6964-4083-8365-d9067098bfa6_1.png
61,f8294c22-9dcc-4280-beb2-5e4f818c7755,result/feature_seg/8717131c-9a05-4377-904a-f0653cf73e01_6.png
62,f8294c22-9dcc-4280-beb2-5e4f818c7755,result/feature_seg/01c4ccc7-760a-49d5-9c87-65b134aad157_12.png
63,f8294c22-9dcc-4280-beb2-5e4f818c7755,result/feature_seg/8353ef56-cd1e-4ac9-8ada-3b05077ecb0b_2.png
64,f8294c22-9dcc-4280-beb2-5e4f818c7755,result/feature_seg/ce59c027-647b-4d02-9d03-8449ae2586a9_8.png
65,f8294c22-9dcc-4280-beb2-5e4f818c7755,result/feature_seg/9fbdfce5-0815-4677-a3e7-c8fa2620f880_22.png
66,f8294c22-9dcc-4280-beb2-5e4f818c7755,result/feature_seg/a0d8e5a7-eb1d-4537-ba1b-c8d2ca8ca121_2.png
67,f8294c22-9dcc-4280-beb2-5e4f818c7755,result/feature_seg/ba16d251-601c-4b93-84d7-051317abde5e_19.png
68,f8294c22-9dcc-4280-beb2-5e4f818c7755,result/feature_seg/aa830332-9ff1-4802-9bd9-367004ebf4dd_12.png
69,f8294c22-9dcc-4280-beb2-5e4f818c7755,result/feature_seg/9fbdfce5-0815-4677-a3e7-c8fa2620f880_8.png
70,f8294c22-9dcc-4280-beb2-5e4f818c7755,result/feature_seg/02a2a714-ea3d-44aa-92de-33b45ac1a2f2_7.png
71,f8294c22-9dcc-4280-beb2-5e4f818c7755,result/feature_seg/9fbdfce5-0815-4677-a3e7-c8fa2620f880_16.png
72,f8294c22-9dcc-4280-beb2-5e4f818c7755,result/feature_seg/6d39d720-2406-4e5e-b60b-8459b316ebef_16.png
73,f8294c22-9dcc-4280-beb2-5e4f818c7755,result/feature_seg/090f64b4-3613-4ebb-8623-89dbe0fee7cc_15.png
74,f8294c22-9dcc-4280-beb2-5e4f818c7755,result/feature_seg/aa830332-9ff1-4802-9bd9-367004ebf4dd_21.png
75,f8294c22-9dcc-4280-beb2-5e4f818c7755,result/feature_seg/73a21475-8965-4ef5-92d6-4289d4851d32_0.png
76,f8294c22-9dcc-4280-beb2-5e4f818c7755,result/feature_seg/02a2a714-ea3d-44aa-92de-33b45ac1a2f2_15.png
77,f8294c22-9dcc-4280-beb2-5e4f818c7755,result/feature_seg/abd34754-0f64-42f2-89d5-c270c3efa505_10.png
78,f8294c22-9dcc-4280-beb2-5e4f818c7755,result/feature_seg/41949d97-0b09-4576-b4eb-eb0bd50fe8e9_8.png
79,f8294c22-9dcc-4280-beb2-5e4f818c7755,result/feature_seg/bcc54110-f3e5-4045-bcb6-a05f8f11bd16_10.png
80,f8294c22-9dcc-4280-beb2-5e4f818c7755,result/feature_seg/0509167f-e955-40a4-aa87-f81fe5a911ca_17.png
81,f8294c22-9dcc-4280-beb2-5e4f818c7755,result/feature_seg/4987677a-8268-4d28-925a-7177b6e1308b_4.png
82,f8294c22-9dcc-4280-beb2-5e4f818c7755,result/feature_seg/48ab675b-74f6-4937-87e2-ce4fcc144397_3.png
83,f8294c22-9dcc-4280-beb2-5e4f818c7755,result/feature_seg/0509167f-e955-40a4-aa87-f81fe5a911ca_18.png
84,f8294c22-9dcc-4280-beb2-5e4f818c7755,result/feature_seg/c1cffe38-9d4c-4be1-b545-9e3a33e0f87b_1.png
85,f8294c22-9dcc-4280-beb2-5e4f818c7755,result/feature_seg/aa830332-9ff1-4802-9bd9-367004ebf4dd_14.png
86,f8294c22-9dcc-4280-beb2-5e4f818c7755,result/feature_seg/9fbdfce5-0815-4677-a3e7-c8fa2620f880_5.png
87,f8294c22-9dcc-4280-beb2-5e4f818c7755,result/feature_seg/ce59c027-647b-4d02-9d03-8449ae2586a9_1.png
88,f8294c22-9dcc-4280-beb2-5e4f818c7755,result/feature_seg/d91bc9ad-abd2-420d-8f87-5174ee57d0c4_14.png
89,f8294c22-9dcc-4280-beb2-5e4f818c7755,result/feature_seg/b5f68fb5-8941-46ca-86b2-10c6b7360b3c_9.png
90,f8294c22-9dcc-4280-beb2-5e4f818c7755,result/feature_seg/67e38eab-a758-4451-964a-3d8813e576ae_11.png
91,f8294c22-9dcc-4280-beb2-5e4f818c7755,result/feature_seg/6d39d720-2406-4e5e-b60b-8459b316ebef_17.png
92,f8294c22-9dcc-4280-beb2-5e4f818c7755,result/feature_seg/459922c0-cf0c-41a0-bbd8-15bb1c4814f7_8.png
93,f8294c22-9dcc-4280-beb2-5e4f818c7755,result/feature_seg/02a2a714-ea3d-44aa-92de-33b45ac1a2f2_0.png
94,f8294c22-9dcc-4280-beb2-5e4f818c7755,result/feature_seg/bcc54110-f3e5-4045-bcb6-a05f8f11bd16_8.png
95,f8294c22-9dcc-4280-beb2-5e4f818c7755,result/feature_seg/ba16d251-601c-4b93-84d7-051317abde5e_11.png
96,f8294c22-9dcc-4280-beb2-5e4f818c7755,result/feature_seg/6d39d720-2406-4e5e-b60b-8459b316ebef_3.png
97,f8294c22-9dcc-4280-beb2-5e4f818c7755,result/feature_seg/67e38eab-a758-4451-964a-3d8813e576ae_4.png
98,f8294c22-9dcc-4280-beb2-5e4f818c7755,result/feature_seg/8e4e0a25-a588-4fa3-b16b-058aa6ef9297_3.png
99,f8294c22-9dcc-4280-beb2-5e4f818c7755,result/feature_seg/bcc54110-f3e5-4045-bcb6-a05f8f11bd16_3.png
100,f8294c22-9dcc-4280-beb2-5e4f818c7755,result/feature_seg/c5f75ab5-6a3c-4987-be1b-5a828043ccee_10.png
101,f8294c22-9dcc-4280-beb2-5e4f818c7755,result/feature_seg/92a752a7-c8e9-49bc-83af-f362d0f92974_3.png
102,f8294c22-9dcc-4280-beb2-5e4f818c7755,result/feature_seg/aa830332-9ff1-4802-9bd9-367004ebf4dd_15.png
103,f8294c22-9dcc-4280-beb2-5e4f818c7755,result/feature_seg/02a2a714-ea3d-44aa-92de-33b45ac1a2f2_12.png
104,f8294c22-9dcc-4280-beb2-5e4f818c7755,result/feature_seg/26f9a9e0-e6f2-410c-9b0b-7573976b989c_3.png
105,f8294c22-9dcc-4280-beb2-5e4f818c7755,result/feature_seg/67e38eab-a758-4451-964a-3d8813e576ae_2.png
106,f8294c22-9dcc-4280-beb2-5e4f818c7755,result/feature_seg/aa830332-9ff1-4802-9bd9-367004ebf4dd_11.png
107,f8294c22-9dcc-4280-beb2-5e4f818c7755,result/feature_seg/845c0a91-e6af-4152-b67c-db547a32f09c_1.png
108,f8294c22-9dcc-4280-beb2-5e4f818c7755,result/feature_seg/c69aea99-1c28-47cf-a991-ad3a18fbebde_6.png
109,f8294c22-9dcc-4280-beb2-5e4f818c7755,result/feature_seg/21b96a0f-6964-4083-8365-d9067098bfa6_14.png
110,f8294c22-9dcc-4280-beb2-5e4f818c7755,result/feature_seg/9fbdfce5-0815-4677-a3e7-c8fa2620f880_14.png
111,f8294c22-9dcc-4280-beb2-5e4f818c7755,result/feature_seg/8717131c-9a05-4377-904a-f0653cf73e01_5.png
112,f8294c22-9dcc-4280-beb2-5e4f818c7755,result/feature_seg/9fbdfce5-0815-4677-a3e7-c8fa2620f880_21.png
113,f8294c22-9dcc-4280-beb2-5e4f818c7755,result/feature_seg/d875ee3d-8a66-4acb-83d6-45c4f4254906_7.png
114,f8294c22-9dcc-4280-beb2-5e4f818c7755,result/feature_seg/d91bc9ad-abd2-420d-8f87-5174ee57d0c4_12.png
115,f8294c22-9dcc-4280-beb2-5e4f818c7755,result/feature_seg/04f6cb18-f7c9-40e4-9387-6ade8f1428e0_0.png
116,f8294c22-9dcc-4280-beb2-5e4f818c7755,result/feature_seg/679d03cd-2660-4118-bd67-83380fd875ef_9.png
117,f8294c22-9dcc-4280-beb2-5e4f818c7755,result/feature_seg/26f9a9e0-e6f2-410c-9b0b-7573976b989c_11.png
118,f8294c22-9dcc-4280-beb2-5e4f818c7755,result/feature_seg/4945b422-0078-4db5-a5bc-c8714f67bc3f_23.png
119,f8294c22-9dcc-4280-beb2-5e4f818c7755,result/feature_seg/bdc28a29-339a-4889-b88d-5fedc36a31a5_12.png
120,f8294c22-9dcc-4280-beb2-5e4f818c7755,result/feature_seg/0303ffed-f12a-42a7-85be-82636b3ed5a1_16.png
121,f8294c22-9dcc-4280-beb2-5e4f818c7755,result/feature_seg/c69aea99-1c28-47cf-a991-ad3a18fbebde_7.png
122,f8294c22-9dcc-4280-beb2-5e4f818c7755,result/feature_seg/9fbdfce5-0815-4677-a3e7-c8fa2620f880_1.png
123,f8294c22-9dcc-4280-beb2-5e4f818c7755,result/feature_seg/c257d971-c345-4b77-9ac4-a6b854b36198_6.png
124,f8294c22-9dcc-4280-beb2-5e4f818c7755,result/feature_seg/8353ef56-cd1e-4ac9-8ada-3b05077ecb0b_10.png
125,f8294c22-9dcc-4280-beb2-5e4f818c7755,result/feature_seg/845c0a91-e6af-4152-b67c-db547a32f09c_8.png
126,f8294c22-9dcc-4280-beb2-5e4f818c7755,result/feature_seg/26f9a9e0-e6f2-410c-9b0b-7573976b989c_9.png
127,f8294c22-9dcc-4280-beb2-5e4f818c7755,result/feature_seg/e685f860-a812-426c-a0ee-7753ba66fd82_11.png
128,f8294c22-9dcc-4280-beb2-5e4f818c7755,result/feature_seg/e716c6c9-efdf-4a6c-afd2-5abca61cce7d_20.png
129,f8294c22-9dcc-4280-beb2-5e4f818c7755,result/feature_seg/04f6cb18-f7c9-40e4-9387-6ade8f1428e0_12.png
130,f8294c22-9dcc-4280-beb2-5e4f818c7755,result/feature_seg/67e38eab-a758-4451-964a-3d8813e576ae_6.png
131,f8294c22-9dcc-4280-beb2-5e4f818c7755,result/feature_seg/ba16d251-601c-4b93-84d7-051317abde5e_14.png
132,f8294c22-9dcc-4280-beb2-5e4f818c7755,result/feature_seg/21b96a0f-6964-4083-8365-d9067098bfa6_9.png
133,f8294c22-9dcc-4280-beb2-5e4f818c7755,result/feature_seg/e716c6c9-efdf-4a6c-afd2-5abca61cce7d_16.png
134,f8294c22-9dcc-4280-beb2-5e4f818c7755,result/feature_seg/0509167f-e955-40a4-aa87-f81fe5a911ca_14.png
135,f8294c22-9dcc-4280-beb2-5e4f818c7755,result/feature_seg/04f6cb18-f7c9-40e4-9387-6ade8f1428e0_2.png
136,f8294c22-9dcc-4280-beb2-5e4f818c7755,result/feature_seg/b3998fe9-99f6-41a5-91ca-aac6de4026fb_13.png
137,f8294c22-9dcc-4280-beb2-5e4f818c7755,result/feature_seg/4945b422-0078-4db5-a5bc-c8714f67bc3f_1.png
138,f8294c22-9dcc-4280-beb2-5e4f818c7755,result/feature_seg/c1cffe38-9d4c-4be1-b545-9e3a33e0f87b_0.png
139,f8294c22-9dcc-4280-beb2-5e4f818c7755,result/feature_seg/d91bc9ad-abd2-420d-8f87-5174ee57d0c4_9.png
140,f8294c22-9dcc-4280-beb2-5e4f818c7755,result/feature_seg/67e38eab-a758-4451-964a-3d8813e576ae_5.png
141,f8294c22-9dcc-4280-beb2-5e4f818c7755,result/feature_seg/d875ee3d-8a66-4acb-83d6-45c4f4254906_6.png
142,f8294c22-9dcc-4280-beb2-5e4f818c7755,result/feature_seg/02a2a714-ea3d-44aa-92de-33b45ac1a2f2_19.png
143,f8294c22-9dcc-4280-beb2-5e4f818c7755,result/feature_seg/aa830332-9ff1-4802-9bd9-367004ebf4dd_7.png
144,f8294c22-9dcc-4280-beb2-5e4f818c7755,result/feature_seg/04f6cb18-f7c9-40e4-9387-6ade8f1428e0_11.png
145,f8294c22-9dcc-4280-beb2-5e4f818c7755,result/feature_seg/8717131c-9a05-4377-904a-f0653cf73e01_12.png
146,f8294c22-9dcc-4280-beb2-5e4f818c7755,result/feature_seg/aa830332-9ff1-4802-9bd9-367004ebf4dd_8.png
147,f8294c22-9dcc-4280-beb2-5e4f818c7755,result/feature_seg/4945b422-0078-4db5-a5bc-c8714f67bc3f_18.png
148,f8294c22-9dcc-4280-beb2-5e4f818c7755,result/feature_seg/0303ffed-f12a-42a7-85be-82636b3ed5a1_0.png
149,f8294c22-9dcc-4280-beb2-5e4f818c7755,result/feature_seg/8717131c-9a05-4377-904a-f0653cf73e01_10.png
150,f8294c22-9dcc-4280-beb2-5e4f818c7755,result/feature_seg/02a2a714-ea3d-44aa-92de-33b45ac1a2f2_11.png
151,f8294c22-9dcc-4280-beb2-5e4f818c7755,result/feature_seg/b3998fe9-99f6-41a5-91ca-aac6de4026fb_11.png
152,f8294c22-9dcc-4280-beb2-5e4f818c7755,result/feature_seg/b3998fe9-99f6-41a5-91ca-aac6de4026fb_10.png
153,f8294c22-9dcc-4280-beb2-5e4f818c7755,result/feature_seg/bcc54110-f3e5-4045-bcb6-a05f8f11bd16_14.png
154,f8294c22-9dcc-4280-beb2-5e4f818c7755,result/feature_seg/07177902-c81c-44b0-9cac-71020ed640ca_5.png
155,f8294c22-9dcc-4280-beb2-5e4f818c7755,result/feature_seg/a0d8e5a7-eb1d-4537-ba1b-c8d2ca8ca121_6.png
156,f8294c22-9dcc-4280-beb2-5e4f818c7755,result/feature_seg/73a21475-8965-4ef5-92d6-4289d4851d32_1.png
157,f8294c22-9dcc-4280-beb2-5e4f818c7755,result/feature_seg/49c1047b-e906-44a6-89fe-ca588aef08f3_6.png
158,f8294c22-9dcc-4280-beb2-5e4f818c7755,result/feature_seg/b3998fe9-99f6-41a5-91ca-aac6de4026fb_6.png
159,f8294c22-9dcc-4280-beb2-5e4f818c7755,result/feature_seg/49c5c7ab-2393-4ac5-a7fc-805d19f385cc_4.png
160,f8294c22-9dcc-4280-beb2-5e4f818c7755,result/feature_seg/02a2a714-ea3d-44aa-92de-33b45ac1a2f2_21.png
161,f8294c22-9dcc-4280-beb2-5e4f818c7755,result/feature_seg/0509167f-e955-40a4-aa87-f81fe5a911ca_4.png
162,f8294c22-9dcc-4280-beb2-5e4f818c7755,result/feature_seg/67e38eab-a758-4451-964a-3d8813e576ae_7.png
163,f8294c22-9dcc-4280-beb2-5e4f818c7755,result/feature_seg/6d39d720-2406-4e5e-b60b-8459b316ebef_11.png
164,f8294c22-9dcc-4280-beb2-5e4f818c7755,result/feature_seg/abd34754-0f64-42f2-89d5-c270c3efa505_5.png
165,f8294c22-9dcc-4280-beb2-5e4f818c7755,result/feature_seg/8c5936cd-98e5-4688-9927-a49ef83ffc22_0.png
166,f8294c22-9dcc-4280-beb2-5e4f818c7755,result/feature_seg/b5f68fb5-8941-46ca-86b2-10c6b7360b3c_1.png
167,f8294c22-9dcc-4280-beb2-5e4f818c7755,result/feature_seg/01c4ccc7-760a-49d5-9c87-65b134aad157_14.png
168,f8294c22-9dcc-4280-beb2-5e4f818c7755,result/feature_seg/4945b422-0078-4db5-a5bc-c8714f67bc3f_6.png
169,f8294c22-9dcc-4280-beb2-5e4f818c7755,result/feature_seg/07177902-c81c-44b0-9cac-71020ed640ca_18.png
170,f8294c22-9dcc-4280-beb2-5e4f818c7755,result/feature_seg/02a2a714-ea3d-44aa-92de-33b45ac1a2f2_18.png
171,f8294c22-9dcc-4280-beb2-5e4f818c7755,result/feature_seg/b3998fe9-99f6-41a5-91ca-aac6de4026fb_5.png
172,f8294c22-9dcc-4280-beb2-5e4f818c7755,result/feature_seg/8e4e0a25-a588-4fa3-b16b-058aa6ef9297_9.png
173,f8294c22-9dcc-4280-beb2-5e4f818c7755,result/feature_seg/8353ef56-cd1e-4ac9-8ada-3b05077ecb0b_9.png
174,f8294c22-9dcc-4280-beb2-5e4f818c7755,result/feature_seg/8e4e0a25-a588-4fa3-b16b-058aa6ef9297_7.png
175,f8294c22-9dcc-4280-beb2-5e4f818c7755,result/feature_seg/07177902-c81c-44b0-9cac-71020ed640ca_1.png
176,f8294c22-9dcc-4280-beb2-5e4f818c7755,result/feature_seg/5c2c028c-1287-4371-ab71-5a4baa9d6b45_4.png
177,f8294c22-9dcc-4280-beb2-5e4f818c7755,result/feature_seg/21b96a0f-6964-4083-8365-d9067098bfa6_5.png
178,f8294c22-9dcc-4280-beb2-5e4f818c7755,result/feature_seg/bcc54110-f3e5-4045-bcb6-a05f8f11bd16_22.png
179,f8294c22-9dcc-4280-beb2-5e4f818c7755,result/feature_seg/07177902-c81c-44b0-9cac-71020ed640ca_17.png
180,f8294c22-9dcc-4280-beb2-5e4f818c7755,result/feature_seg/ba16d251-601c-4b93-84d7-051317abde5e_21.png
181,f8294c22-9dcc-4280-beb2-5e4f818c7755,result/feature_seg/41949d97-0b09-4576-b4eb-eb0bd50fe8e9_3.png
182,f8294c22-9dcc-4280-beb2-5e4f818c7755,result/feature_seg/ba16d251-601c-4b93-84d7-051317abde5e_3.png
183,f8294c22-9dcc-4280-beb2-5e4f818c7755,result/feature_seg/73a21475-8965-4ef5-92d6-4289d4851d32_6.png
184,f8294c22-9dcc-4280-beb2-5e4f818c7755,result/feature_seg/26f9a9e0-e6f2-410c-9b0b-7573976b989c_2.png
185,f8294c22-9dcc-4280-beb2-5e4f818c7755,result/feature_seg/92a752a7-c8e9-49bc-83af-f362d0f92974_4.png
186,f8294c22-9dcc-4280-beb2-5e4f818c7755,result/feature_seg/8c5936cd-98e5-4688-9927-a49ef83ffc22_4.png
187,f8294c22-9dcc-4280-beb2-5e4f818c7755,result/feature_seg/b3998fe9-99f6-41a5-91ca-aac6de4026fb_3.png
188,f8294c22-9dcc-4280-beb2-5e4f818c7755,result/feature_seg/67e38eab-a758-4451-964a-3d8813e576ae_13.png
189,f8294c22-9dcc-4280-beb2-5e4f818c7755,result/feature_seg/090f64b4-3613-4ebb-8623-89dbe0fee7cc_16.png
190,f8294c22-9dcc-4280-beb2-5e4f818c7755,result/feature_seg/0509167f-e955-40a4-aa87-f81fe5a911ca_22.png
191,f8294c22-9dcc-4280-beb2-5e4f818c7755,result/feature_seg/c5f75ab5-6a3c-4987-be1b-5a828043ccee_0.png
192,f8294c22-9dcc-4280-beb2-5e4f818c7755,result/feature_seg/21b96a0f-6964-4083-8365-d9067098bfa6_18.png
193,f8294c22-9dcc-4280-beb2-5e4f818c7755,result/feature_seg/ce469290-4c8e-4591-9814-e1574620e5eb_6.png
194,f8294c22-9dcc-4280-beb2-5e4f818c7755,result/feature_seg/bcc54110-f3e5-4045-bcb6-a05f8f11bd16_2.png
195,f8294c22-9dcc-4280-beb2-5e4f818c7755,result/feature_seg/8c5936cd-98e5-4688-9927-a49ef83ffc22_8.png
196,f8294c22-9dcc-4280-beb2-5e4f818c7755,result/feature_seg/090f64b4-3613-4ebb-8623-89dbe0fee7cc_11.png
197,f8294c22-9dcc-4280-beb2-5e4f818c7755,result/feature_seg/d875ee3d-8a66-4acb-83d6-45c4f4254906_4.png
198,f8294c22-9dcc-4280-beb2-5e4f818c7755,result/feature_seg/459922c0-cf0c-41a0-bbd8-15bb1c4814f7_11.png
199,f8294c22-9dcc-4280-beb2-5e4f818c7755,result/feature_seg/e685f860-a812-426c-a0ee-7753ba66fd82_19.png
200,f8294c22-9dcc-4280-beb2-5e4f818c7755,result/feature_seg/459922c0-cf0c-41a0-bbd8-15bb1c4814f7_22.png
201,f8294c22-9dcc-4280-beb2-5e4f818c7755,result/feature_seg/bdc28a29-339a-4889-b88d-5fedc36a31a5_6.png
202,f8294c22-9dcc-4280-beb2-5e4f818c7755,result/feature_seg/93ebec2f-5f5a-4a78-a75b-c8383f4abac0_11.png
203,f8294c22-9dcc-4280-beb2-5e4f818c7755,result/feature_seg/459922c0-cf0c-41a0-bbd8-15bb1c4814f7_19.png
204,f8294c22-9dcc-4280-beb2-5e4f818c7755,result/feature_seg/4945b422-0078-4db5-a5bc-c8714f67bc3f_3.png
205,f8294c22-9dcc-4280-beb2-5e4f818c7755,result/feature_seg/6d39d720-2406-4e5e-b60b-8459b316ebef_15.png
206,f8294c22-9dcc-4280-beb2-5e4f818c7755,result/feature_seg/01c4ccc7-760a-49d5-9c87-65b134aad157_8.png
207,f8294c22-9dcc-4280-beb2-5e4f818c7755,result/feature_seg/8353ef56-cd1e-4ac9-8ada-3b05077ecb0b_15.png
208,f8294c22-9dcc-4280-beb2-5e4f818c7755,result/feature_seg/e716c6c9-efdf-4a6c-afd2-5abca61cce7d_21.png
209,f8294c22-9dcc-4280-beb2-5e4f818c7755,result/feature_seg/679d03cd-2660-4118-bd67-83380fd875ef_4.png
210,f8294c22-9dcc-4280-beb2-5e4f818c7755,result/feature_seg/04f6cb18-f7c9-40e4-9387-6ade8f1428e0_10.png
211,f8294c22-9dcc-4280-beb2-5e4f818c7755,result/feature_seg/e685f860-a812-426c-a0ee-7753ba66fd82_9.png
212,f8294c22-9dcc-4280-beb2-5e4f818c7755,result/feature_seg/a496a32a-59bc-4125-b22b-ef36afe1058f_0.png
213,f8294c22-9dcc-4280-beb2-5e4f818c7755,result/feature_seg/d91bc9ad-abd2-420d-8f87-5174ee57d0c4_10.png
214,f8294c22-9dcc-4280-beb2-5e4f818c7755,result/feature_seg/c257d971-c345-4b77-9ac4-a6b854b36198_9.png
215,f8294c22-9dcc-4280-beb2-5e4f818c7755,result/feature_seg/01c4ccc7-760a-49d5-9c87-65b134aad157_6.png
216,f8294c22-9dcc-4280-beb2-5e4f818c7755,result/feature_seg/9fbdfce5-0815-4677-a3e7-c8fa2620f880_13.png
217,f8294c22-9dcc-4280-beb2-5e4f818c7755,result/feature_seg/49c1047b-e906-44a6-89fe-ca588aef08f3_1.png
218,f8294c22-9dcc-4280-beb2-5e4f818c7755,result/feature_seg/ce59c027-647b-4d02-9d03-8449ae2586a9_11.png
219,f8294c22-9dcc-4280-beb2-5e4f818c7755,result/feature_seg/b3998fe9-99f6-41a5-91ca-aac6de4026fb_9.png
220,f8294c22-9dcc-4280-beb2-5e4f818c7755,result/feature_seg/26f9a9e0-e6f2-410c-9b0b-7573976b989c_13.png
221,f8294c22-9dcc-4280-beb2-5e4f818c7755,result/feature_seg/48ab675b-74f6-4937-87e2-ce4fcc144397_0.png
222,f8294c22-9dcc-4280-beb2-5e4f818c7755,result/feature_seg/02a2a714-ea3d-44aa-92de-33b45ac1a2f2_17.png
223,f8294c22-9dcc-4280-beb2-5e4f818c7755,result/feature_seg/c5f75ab5-6a3c-4987-be1b-5a828043ccee_6.png
224,f8294c22-9dcc-4280-beb2-5e4f818c7755,result/feature_seg/4945b422-0078-4db5-a5bc-c8714f67bc3f_7.png
225,f8294c22-9dcc-4280-beb2-5e4f818c7755,result/feature_seg/8717131c-9a05-4377-904a-f0653cf73e01_17.png
226,f8294c22-9dcc-4280-beb2-5e4f818c7755,result/feature_seg/bdc28a29-339a-4889-b88d-5fedc36a31a5_23.png
227,f8294c22-9dcc-4280-beb2-5e4f818c7755,result/feature_seg/c257d971-c345-4b77-9ac4-a6b854b36198_4.png
228,f8294c22-9dcc-4280-beb2-5e4f818c7755,result/feature_seg/9fbdfce5-0815-4677-a3e7-c8fa2620f880_4.png
229,f8294c22-9dcc-4280-beb2-5e4f818c7755,result/feature_seg/0303ffed-f12a-42a7-85be-82636b3ed5a1_5.png
230,f8294c22-9dcc-4280-beb2-5e4f818c7755,result/feature_seg/0509167f-e955-40a4-aa87-f81fe5a911ca_12.png
231,f8294c22-9dcc-4280-beb2-5e4f818c7755,result/feature_seg/73a21475-8965-4ef5-92d6-4289d4851d32_5.png
232,f8294c22-9dcc-4280-beb2-5e4f818c7755,result/feature_seg/8717131c-9a05-4377-904a-f0653cf73e01_9.png
233,f8294c22-9dcc-4280-beb2-5e4f818c7755,result/feature_seg/459922c0-cf0c-41a0-bbd8-15bb1c4814f7_3.png
234,f8294c22-9dcc-4280-beb2-5e4f818c7755,result/feature_seg/c69aea99-1c28-47cf-a991-ad3a18fbebde_8.png
235,f8294c22-9dcc-4280-beb2-5e4f818c7755,result/feature_seg/ce59c027-647b-4d02-9d03-8449ae2586a9_13.png
236,f8294c22-9dcc-4280-beb2-5e4f818c7755,result/feature_seg/4945b422-0078-4db5-a5bc-c8714f67bc3f_8.png
237,f8294c22-9dcc-4280-beb2-5e4f818c7755,result/feature_seg/04f6cb18-f7c9-40e4-9387-6ade8f1428e0_6.png
238,f8294c22-9dcc-4280-beb2-5e4f818c7755,result/feature_seg/bdc28a29-339a-4889-b88d-5fedc36a31a5_5.png
239,f8294c22-9dcc-4280-beb2-5e4f818c7755,result/feature_seg/bcc54110-f3e5-4045-bcb6-a05f8f11bd16_16.png
240,f8294c22-9dcc-4280-beb2-5e4f818c7755,result/feature_seg/8717131c-9a05-4377-904a-f0653cf73e01_11.png
241,f8294c22-9dcc-4280-beb2-5e4f818c7755,result/feature_seg/49c5c7ab-2393-4ac5-a7fc-805d19f385cc_12.png
242,f8294c22-9dcc-4280-beb2-5e4f818c7755,result/feature_seg/0303ffed-f12a-42a7-85be-82636b3ed5a1_12.png
243,f8294c22-9dcc-4280-beb2-5e4f818c7755,result/feature_seg/26f9a9e0-e6f2-410c-9b0b-7573976b989c_0.png
244,f8294c22-9dcc-4280-beb2-5e4f818c7755,result/feature_seg/26f9a9e0-e6f2-410c-9b0b-7573976b989c_12.png
245,f8294c22-9dcc-4280-beb2-5e4f818c7755,result/feature_seg/49c5c7ab-2393-4ac5-a7fc-805d19f385cc_10.png
246,f8294c22-9dcc-4280-beb2-5e4f818c7755,result/feature_seg/07177902-c81c-44b0-9cac-71020ed640ca_13.png
247,f8294c22-9dcc-4280-beb2-5e4f818c7755,result/feature_seg/e716c6c9-efdf-4a6c-afd2-5abca61cce7d_8.png
248,f8294c22-9dcc-4280-beb2-5e4f818c7755,result/feature_seg/8353ef56-cd1e-4ac9-8ada-3b05077ecb0b_18.png
249,f8294c22-9dcc-4280-beb2-5e4f818c7755,result/feature_seg/0509167f-e955-40a4-aa87-f81fe5a911ca_21.png
250,f8294c22-9dcc-4280-beb2-5e4f818c7755,result/feature_seg/21b96a0f-6964-4083-8365-d9067098bfa6_23.png
251,f8294c22-9dcc-4280-beb2-5e4f818c7755,result/feature_seg/4987677a-8268-4d28-925a-7177b6e1308b_5.png
252,f8294c22-9dcc-4280-beb2-5e4f818c7755,result/feature_seg/e716c6c9-efdf-4a6c-afd2-5abca61cce7d_12.png
253,f8294c22-9dcc-4280-beb2-5e4f818c7755,result/feature_seg/01c4ccc7-760a-49d5-9c87-65b134aad157_17.png
254,f8294c22-9dcc-4280-beb2-5e4f818c7755,result/feature_seg/c69aea99-1c28-47cf-a991-ad3a18fbebde_2.png
255,f8294c22-9dcc-4280-beb2-5e4f818c7755,result/feature_seg/b5f68fb5-8941-46ca-86b2-10c6b7360b3c_0.png
256,f8294c22-9dcc-4280-beb2-5e4f818c7755,result/feature_seg/8e4e0a25-a588-4fa3-b16b-058aa6ef9297_6.png
257,f8294c22-9dcc-4280-beb2-5e4f818c7755,result/feature_seg/0509167f-e955-40a4-aa87-f81fe5a911ca_15.png
258,f8294c22-9dcc-4280-beb2-5e4f818c7755,result/feature_seg/aa830332-9ff1-4802-9bd9-367004ebf4dd_20.png
259,f8294c22-9dcc-4280-beb2-5e4f818c7755,result/feature_seg/0303ffed-f12a-42a7-85be-82636b3ed5a1_7.png
260,f8294c22-9dcc-4280-beb2-5e4f818c7755,result/feature_seg/01c4ccc7-760a-49d5-9c87-65b134aad157_10.png
261,f8294c22-9dcc-4280-beb2-5e4f818c7755,result/feature_seg/090f64b4-3613-4ebb-8623-89dbe0fee7cc_7.png
262,f8294c22-9dcc-4280-beb2-5e4f818c7755,result/feature_seg/e685f860-a812-426c-a0ee-7753ba66fd82_16.png
263,f8294c22-9dcc-4280-beb2-5e4f818c7755,result/feature_seg/aa830332-9ff1-4802-9bd9-367004ebf4dd_18.png
264,f8294c22-9dcc-4280-beb2-5e4f818c7755,result/feature_seg/aa830332-9ff1-4802-9bd9-367004ebf4dd_13.png
265,f8294c22-9dcc-4280-beb2-5e4f818c7755,result/feature_seg/48ab675b-74f6-4937-87e2-ce4fcc144397_1.png
266,f8294c22-9dcc-4280-beb2-5e4f818c7755,result/feature_seg/73594ea7-d99e-4a53-a928-9c122efecf8e_9.png
267,f8294c22-9dcc-4280-beb2-5e4f818c7755,result/feature_seg/d91bc9ad-abd2-420d-8f87-5174ee57d0c4_1.png
268,f8294c22-9dcc-4280-beb2-5e4f818c7755,result/feature_seg/8353ef56-cd1e-4ac9-8ada-3b05077ecb0b_3.png
269,f8294c22-9dcc-4280-beb2-5e4f818c7755,result/feature_seg/bcc54110-f3e5-4045-bcb6-a05f8f11bd16_6.png
270,f8294c22-9dcc-4280-beb2-5e4f818c7755,result/feature_seg/8717131c-9a05-4377-904a-f0653cf73e01_13.png
271,f8294c22-9dcc-4280-beb2-5e4f818c7755,result/feature_seg/5c2c028c-1287-4371-ab71-5a4baa9d6b45_1.png
272,f8294c22-9dcc-4280-beb2-5e4f818c7755,result/feature_seg/d91bc9ad-abd2-420d-8f87-5174ee57d0c4_6.png
273,f8294c22-9dcc-4280-beb2-5e4f818c7755,result/feature_seg/c257d971-c345-4b77-9ac4-a6b854b36198_2.png
274,f8294c22-9dcc-4280-beb2-5e4f818c7755,result/feature_seg/c257d971-c345-4b77-9ac4-a6b854b36198_7.png
275,f8294c22-9dcc-4280-beb2-5e4f818c7755,result/feature_seg/e685f860-a812-426c-a0ee-7753ba66fd82_2.png
276,f8294c22-9dcc-4280-beb2-5e4f818c7755,result/feature_seg/e716c6c9-efdf-4a6c-afd2-5abca61cce7d_3.png
277,f8294c22-9dcc-4280-beb2-5e4f818c7755,result/feature_seg/e685f860-a812-426c-a0ee-7753ba66fd82_4.png
278,f8294c22-9dcc-4280-beb2-5e4f818c7755,result/feature_seg/67e38eab-a758-4451-964a-3d8813e576ae_12.png
279,f8294c22-9dcc-4280-beb2-5e4f818c7755,result/feature_seg/8e4e0a25-a588-4fa3-b16b-058aa6ef9297_1.png
280,f8294c22-9dcc-4280-beb2-5e4f818c7755,result/feature_seg/93ebec2f-5f5a-4a78-a75b-c8383f4abac0_7.png
281,f8294c22-9dcc-4280-beb2-5e4f818c7755,result/feature_seg/c1cffe38-9d4c-4be1-b545-9e3a33e0f87b_6.png
282,f8294c22-9dcc-4280-beb2-5e4f818c7755,result/feature_seg/c5f75ab5-6a3c-4987-be1b-5a828043ccee_12.png
283,f8294c22-9dcc-4280-beb2-5e4f818c7755,result/feature_seg/bdc28a29-339a-4889-b88d-5fedc36a31a5_16.png
284,f8294c22-9dcc-4280-beb2-5e4f818c7755,result/feature_seg/ce59c027-647b-4d02-9d03-8449ae2586a9_7.png
285,f8294c22-9dcc-4280-beb2-5e4f818c7755,result/feature_seg/a496a32a-59bc-4125-b22b-ef36afe1058f_3.png
286,f8294c22-9dcc-4280-beb2-5e4f818c7755,result/feature_seg/b5f68fb5-8941-46ca-86b2-10c6b7360b3c_15.png
287,f8294c22-9dcc-4280-beb2-5e4f818c7755,result/feature_seg/48ab675b-74f6-4937-87e2-ce4fcc144397_2.png
288,f8294c22-9dcc-4280-beb2-5e4f818c7755,result/feature_seg/8353ef56-cd1e-4ac9-8ada-3b05077ecb0b_12.png
289,f8294c22-9dcc-4280-beb2-5e4f818c7755,result/feature_seg/090f64b4-3613-4ebb-8623-89dbe0fee7cc_14.png
290,f8294c22-9dcc-4280-beb2-5e4f818c7755,result/feature_seg/6d39d720-2406-4e5e-b60b-8459b316ebef_5.png
291,f8294c22-9dcc-4280-beb2-5e4f818c7755,result/feature_seg/679d03cd-2660-4118-bd67-83380fd875ef_8.png
292,f8294c22-9dcc-4280-beb2-5e4f818c7755,result/feature_seg/0509167f-e955-40a4-aa87-f81fe5a911ca_5.png
293,f8294c22-9dcc-4280-beb2-5e4f818c7755,result/feature_seg/02a2a714-ea3d-44aa-92de-33b45ac1a2f2_8.png
294,f8294c22-9dcc-4280-beb2-5e4f818c7755,result/feature_seg/c1cffe38-9d4c-4be1-b545-9e3a33e0f87b_8.png
295,f8294c22-9dcc-4280-beb2-5e4f818c7755,result/feature_seg/8e4e0a25-a588-4fa3-b16b-058aa6ef9297_8.png
296,f8294c22-9dcc-4280-beb2-5e4f818c7755,result/feature_seg/abd34754-0f64-42f2-89d5-c270c3efa505_1.png
297,f8294c22-9dcc-4280-beb2-5e4f818c7755,result/feature_seg/01c4ccc7-760a-49d5-9c87-65b134aad157_11.png
298,f8294c22-9dcc-4280-beb2-5e4f818c7755,result/feature_seg/21b96a0f-6964-4083-8365-d9067098bfa6_22.png
299,f8294c22-9dcc-4280-beb2-5e4f818c7755,result/feature_seg/93ebec2f-5f5a-4a78-a75b-c8383f4abac0_10.png
300,f8294c22-9dcc-4280-beb2-5e4f818c7755,result/feature_seg/bdc28a29-339a-4889-b88d-5fedc36a31a5_10.png
301,f8294c22-9dcc-4280-beb2-5e4f818c7755,result/feature_seg/21b96a0f-6964-4083-8365-d9067098bfa6_10.png
302,f8294c22-9dcc-4280-beb2-5e4f818c7755,result/feature_seg/b3998fe9-99f6-41a5-91ca-aac6de4026fb_7.png
303,f8294c22-9dcc-4280-beb2-5e4f818c7755,result/feature_seg/b5f68fb5-8941-46ca-86b2-10c6b7360b3c_16.png
304,f8294c22-9dcc-4280-beb2-5e4f818c7755,result/feature_seg/bcc54110-f3e5-4045-bcb6-a05f8f11bd16_5.png
305,f8294c22-9dcc-4280-beb2-5e4f818c7755,result/feature_seg/845c0a91-e6af-4152-b67c-db547a32f09c_7.png
306,f8294c22-9dcc-4280-beb2-5e4f818c7755,result/feature_seg/459922c0-cf0c-41a0-bbd8-15bb1c4814f7_15.png
307,f8294c22-9dcc-4280-beb2-5e4f818c7755,result/feature_seg/ba16d251-601c-4b93-84d7-051317abde5e_10.png
308,f8294c22-9dcc-4280-beb2-5e4f818c7755,result/feature_seg/5c2c028c-1287-4371-ab71-5a4baa9d6b45_0.png
309,f8294c22-9dcc-4280-beb2-5e4f818c7755,result/feature_seg/93ebec2f-5f5a-4a78-a75b-c8383f4abac0_3.png
310,f8294c22-9dcc-4280-beb2-5e4f818c7755,result/feature_seg/ce59c027-647b-4d02-9d03-8449ae2586a9_6.png
311,f8294c22-9dcc-4280-beb2-5e4f818c7755,result/feature_seg/bdc28a29-339a-4889-b88d-5fedc36a31a5_8.png
312,f8294c22-9dcc-4280-beb2-5e4f818c7755,result/feature_seg/4945b422-0078-4db5-a5bc-c8714f67bc3f_15.png
313,f8294c22-9dcc-4280-beb2-5e4f818c7755,result/feature_seg/459922c0-cf0c-41a0-bbd8-15bb1c4814f7_17.png
314,f8294c22-9dcc-4280-beb2-5e4f818c7755,result/feature_seg/73a21475-8965-4ef5-92d6-4289d4851d32_10.png
315,f8294c22-9dcc-4280-beb2-5e4f818c7755,result/feature_seg/c5f75ab5-6a3c-4987-be1b-5a828043ccee_9.png
316,f8294c22-9dcc-4280-beb2-5e4f818c7755,result/feature_seg/0303ffed-f12a-42a7-85be-82636b3ed5a1_21.png
317,f8294c22-9dcc-4280-beb2-5e4f818c7755,result/feature_seg/21b96a0f-6964-4083-8365-d9067098bfa6_11.png
318,f8294c22-9dcc-4280-beb2-5e4f818c7755,result/feature_seg/679d03cd-2660-4118-bd67-83380fd875ef_1.png
319,f8294c22-9dcc-4280-beb2-5e4f818c7755,result/feature_seg/bcc54110-f3e5-4045-bcb6-a05f8f11bd16_15.png
320,f8294c22-9dcc-4280-beb2-5e4f818c7755,result/feature_seg/93ebec2f-5f5a-4a78-a75b-c8383f4abac0_5.png
321,f8294c22-9dcc-4280-beb2-5e4f818c7755,result/feature_seg/8c5936cd-98e5-4688-9927-a49ef83ffc22_5.png
322,f8294c22-9dcc-4280-beb2-5e4f818c7755,result/feature_seg/4945b422-0078-4db5-a5bc-c8714f67bc3f_5.png
323,f8294c22-9dcc-4280-beb2-5e4f818c7755,result/feature_seg/0509167f-e955-40a4-aa87-f81fe5a911ca_10.png
324,f8294c22-9dcc-4280-beb2-5e4f818c7755,result/feature_seg/73594ea7-d99e-4a53-a928-9c122efecf8e_2.png
325,f8294c22-9dcc-4280-beb2-5e4f818c7755,result/feature_seg/0509167f-e955-40a4-aa87-f81fe5a911ca_6.png
326,f8294c22-9dcc-4280-beb2-5e4f818c7755,result/feature_seg/6d39d720-2406-4e5e-b60b-8459b316ebef_22.png
327,f8294c22-9dcc-4280-beb2-5e4f818c7755,result/feature_seg/8717131c-9a05-4377-904a-f0653cf73e01_7.png
328,f8294c22-9dcc-4280-beb2-5e4f818c7755,result/feature_seg/8717131c-9a05-4377-904a-f0653cf73e01_22.png
329,f8294c22-9dcc-4280-beb2-5e4f818c7755,result/feature_seg/e685f860-a812-426c-a0ee-7753ba66fd82_20.png
330,f8294c22-9dcc-4280-beb2-5e4f818c7755,result/feature_seg/4945b422-0078-4db5-a5bc-c8714f67bc3f_0.png
331,f8294c22-9dcc-4280-beb2-5e4f818c7755,result/feature_seg/e716c6c9-efdf-4a6c-afd2-5abca61cce7d_1.png
332,f8294c22-9dcc-4280-beb2-5e4f818c7755,result/feature_seg/bcc54110-f3e5-4045-bcb6-a05f8f11bd16_7.png
333,f8294c22-9dcc-4280-beb2-5e4f818c7755,result/feature_seg/459922c0-cf0c-41a0-bbd8-15bb1c4814f7_14.png
334,f8294c22-9dcc-4280-beb2-5e4f818c7755,result/feature_seg/e685f860-a812-426c-a0ee-7753ba66fd82_5.png
335,f8294c22-9dcc-4280-beb2-5e4f818c7755,result/feature_seg/ba16d251-601c-4b93-84d7-051317abde5e_15.png
336,f8294c22-9dcc-4280-beb2-5e4f818c7755,result/feature_seg/e685f860-a812-426c-a0ee-7753ba66fd82_17.png
337,f8294c22-9dcc-4280-beb2-5e4f818c7755,result/feature_seg/ce59c027-647b-4d02-9d03-8449ae2586a9_5.png
338,f8294c22-9dcc-4280-beb2-5e4f818c7755,result/feature_seg/bd11319c-49f9-4897-998d-de70fcc40c72_4.png
339,f8294c22-9dcc-4280-beb2-5e4f818c7755,result/feature_seg/01c4ccc7-760a-49d5-9c87-65b134aad157_20.png
340,f8294c22-9dcc-4280-beb2-5e4f818c7755,result/feature_seg/6d39d720-2406-4e5e-b60b-8459b316ebef_14.png
341,f8294c22-9dcc-4280-beb2-5e4f818c7755,result/feature_seg/04f6cb18-f7c9-40e4-9387-6ade8f1428e0_4.png
342,f8294c22-9dcc-4280-beb2-5e4f818c7755,result/feature_seg/a0d8e5a7-eb1d-4537-ba1b-c8d2ca8ca121_8.png
343,f8294c22-9dcc-4280-beb2-5e4f818c7755,result/feature_seg/0509167f-e955-40a4-aa87-f81fe5a911ca_16.png
344,f8294c22-9dcc-4280-beb2-5e4f818c7755,result/feature_seg/ce469290-4c8e-4591-9814-e1574620e5eb_8.png
345,f8294c22-9dcc-4280-beb2-5e4f818c7755,result/feature_seg/d91bc9ad-abd2-420d-8f87-5174ee57d0c4_13.png
346,f8294c22-9dcc-4280-beb2-5e4f818c7755,result/feature_seg/21b96a0f-6964-4083-8365-d9067098bfa6_3.png
347,f8294c22-9dcc-4280-beb2-5e4f818c7755,result/feature_seg/ba16d251-601c-4b93-84d7-051317abde5e_2.png
348,f8294c22-9dcc-4280-beb2-5e4f818c7755,result/feature_seg/a0d8e5a7-eb1d-4537-ba1b-c8d2ca8ca121_1.png
349,f8294c22-9dcc-4280-beb2-5e4f818c7755,result/feature_seg/8e4e0a25-a588-4fa3-b16b-058aa6ef9297_2.png
350,f8294c22-9dcc-4280-beb2-5e4f818c7755,result/feature_seg/4945b422-0078-4db5-a5bc-c8714f67bc3f_12.png
351,f8294c22-9dcc-4280-beb2-5e4f818c7755,result/feature_seg/ce59c027-647b-4d02-9d03-8449ae2586a9_3.png
352,f8294c22-9dcc-4280-beb2-5e4f818c7755,result/feature_seg/21b96a0f-6964-4083-8365-d9067098bfa6_2.png
353,f8294c22-9dcc-4280-beb2-5e4f818c7755,result/feature_seg/9fbdfce5-0815-4677-a3e7-c8fa2620f880_6.png
354,f8294c22-9dcc-4280-beb2-5e4f818c7755,result/feature_seg/ce59c027-647b-4d02-9d03-8449ae2586a9_12.png
355,f8294c22-9dcc-4280-beb2-5e4f818c7755,result/feature_seg/73594ea7-d99e-4a53-a928-9c122efecf8e_8.png
356,f8294c22-9dcc-4280-beb2-5e4f818c7755,result/feature_seg/01c4ccc7-760a-49d5-9c87-65b134aad157_13.png
357,f8294c22-9dcc-4280-beb2-5e4f818c7755,result/feature_seg/bcc54110-f3e5-4045-bcb6-a05f8f11bd16_13.png
358,f8294c22-9dcc-4280-beb2-5e4f818c7755,result/feature_seg/73a21475-8965-4ef5-92d6-4289d4851d32_2.png
359,f8294c22-9dcc-4280-beb2-5e4f818c7755,result/feature_seg/48ab675b-74f6-4937-87e2-ce4fcc144397_8.png
360,f8294c22-9dcc-4280-beb2-5e4f818c7755,result/feature_seg/bd11319c-49f9-4897-998d-de70fcc40c72_9.png
361,f8294c22-9dcc-4280-beb2-5e4f818c7755,result/feature_seg/090f64b4-3613-4ebb-8623-89dbe0fee7cc_5.png
362,f8294c22-9dcc-4280-beb2-5e4f818c7755,result/feature_seg/01c4ccc7-760a-49d5-9c87-65b134aad157_5.png
363,f8294c22-9dcc-4280-beb2-5e4f818c7755,result/feature_seg/845c0a91-e6af-4152-b67c-db547a32f09c_0.png
364,f8294c22-9dcc-4280-beb2-5e4f818c7755,result/feature_seg/0303ffed-f12a-42a7-85be-82636b3ed5a1_3.png
365,f8294c22-9dcc-4280-beb2-5e4f818c7755,result/feature_seg/b5f68fb5-8941-46ca-86b2-10c6b7360b3c_17.png
366,f8294c22-9dcc-4280-beb2-5e4f818c7755,result/feature_seg/090f64b4-3613-4ebb-8623-89dbe0fee7cc_3.png
367,f8294c22-9dcc-4280-beb2-5e4f818c7755,result/feature_seg/c257d971-c345-4b77-9ac4-a6b854b36198_0.png
368,f8294c22-9dcc-4280-beb2-5e4f818c7755,result/feature_seg/845c0a91-e6af-4152-b67c-db547a32f09c_9.png
369,f8294c22-9dcc-4280-beb2-5e4f818c7755,result/feature_seg/bdc28a29-339a-4889-b88d-5fedc36a31a5_13.png
370,f8294c22-9dcc-4280-beb2-5e4f818c7755,result/feature_seg/bdc28a29-339a-4889-b88d-5fedc36a31a5_22.png
371,f8294c22-9dcc-4280-beb2-5e4f818c7755,result/feature_seg/ba16d251-601c-4b93-84d7-051317abde5e_4.png
372,f8294c22-9dcc-4280-beb2-5e4f818c7755,result/feature_seg/8e4e0a25-a588-4fa3-b16b-058aa6ef9297_0.png
373,f8294c22-9dcc-4280-beb2-5e4f818c7755,result/feature_seg/4945b422-0078-4db5-a5bc-c8714f67bc3f_4.png
374,f8294c22-9dcc-4280-beb2-5e4f818c7755,result/feature_seg/67e38eab-a758-4451-964a-3d8813e576ae_14.png
375,f8294c22-9dcc-4280-beb2-5e4f818c7755,result/feature_seg/41949d97-0b09-4576-b4eb-eb0bd50fe8e9_2.png
376,f8294c22-9dcc-4280-beb2-5e4f818c7755,result/feature_seg/0303ffed-f12a-42a7-85be-82636b3ed5a1_14.png
377,f8294c22-9dcc-4280-beb2-5e4f818c7755,result/feature_seg/49c1047b-e906-44a6-89fe-ca588aef08f3_0.png
378,f8294c22-9dcc-4280-beb2-5e4f818c7755,result/feature_seg/b5f68fb5-8941-46ca-86b2-10c6b7360b3c_13.png
379,f8294c22-9dcc-4280-beb2-5e4f818c7755,result/feature_seg/ce469290-4c8e-4591-9814-e1574620e5eb_5.png
380,f8294c22-9dcc-4280-beb2-5e4f818c7755,result/feature_seg/bd11319c-49f9-4897-998d-de70fcc40c72_8.png
381,f8294c22-9dcc-4280-beb2-5e4f818c7755,result/feature_seg/8717131c-9a05-4377-904a-f0653cf73e01_2.png
382,f8294c22-9dcc-4280-beb2-5e4f818c7755,result/feature_seg/9fbdfce5-0815-4677-a3e7-c8fa2620f880_0.png
383,f8294c22-9dcc-4280-beb2-5e4f818c7755,result/feature_seg/d91bc9ad-abd2-420d-8f87-5174ee57d0c4_17.png
384,f8294c22-9dcc-4280-beb2-5e4f818c7755,result/feature_seg/b3998fe9-99f6-41a5-91ca-aac6de4026fb_4.png
385,f8294c22-9dcc-4280-beb2-5e4f818c7755,result/feature_seg/02a2a714-ea3d-44aa-92de-33b45ac1a2f2_16.png
386,f8294c22-9dcc-4280-beb2-5e4f818c7755,result/feature_seg/73a21475-8965-4ef5-92d6-4289d4851d32_8.png
387,f8294c22-9dcc-4280-beb2-5e4f818c7755,result/feature_seg/21b96a0f-6964-4083-8365-d9067098bfa6_6.png
388,f8294c22-9dcc-4280-beb2-5e4f818c7755,result/feature_seg/07177902-c81c-44b0-9cac-71020ed640ca_11.png
389,f8294c22-9dcc-4280-beb2-5e4f818c7755,result/feature_seg/c5f75ab5-6a3c-4987-be1b-5a828043ccee_4.png
390,f8294c22-9dcc-4280-beb2-5e4f818c7755,result/feature_seg/4945b422-0078-4db5-a5bc-c8714f67bc3f_17.png
391,f8294c22-9dcc-4280-beb2-5e4f818c7755,result/feature_seg/bd11319c-49f9-4897-998d-de70fcc40c72_11.png
392,f8294c22-9dcc-4280-beb2-5e4f818c7755,result/feature_seg/ba16d251-601c-4b93-84d7-051317abde5e_13.png
393,f8294c22-9dcc-4280-beb2-5e4f818c7755,result/feature_seg/459922c0-cf0c-41a0-bbd8-15bb1c4814f7_5.png
394,f8294c22-9dcc-4280-beb2-5e4f818c7755,result/feature_seg/4987677a-8268-4d28-925a-7177b6e1308b_7.png
395,f8294c22-9dcc-4280-beb2-5e4f818c7755,result/feature_seg/e685f860-a812-426c-a0ee-7753ba66fd82_3.png
396,f8294c22-9dcc-4280-beb2-5e4f818c7755,result/feature_seg/c257d971-c345-4b77-9ac4-a6b854b36198_11.png
397,f8294c22-9dcc-4280-beb2-5e4f818c7755,result/feature_seg/ce59c027-647b-4d02-9d03-8449ae2586a9_2.png
398,f8294c22-9dcc-4280-beb2-5e4f818c7755,result/feature_seg/bcc54110-f3e5-4045-bcb6-a05f8f11bd16_4.png
399,f8294c22-9dcc-4280-beb2-5e4f818c7755,result/feature_seg/ba16d251-601c-4b93-84d7-051317abde5e_17.png
400,f8294c22-9dcc-4280-beb2-5e4f818c7755,result/feature_seg/6d39d720-2406-4e5e-b60b-8459b316ebef_9.png
401,f8294c22-9dcc-4280-beb2-5e4f818c7755,result/feature_seg/090f64b4-3613-4ebb-8623-89dbe0fee7cc_2.png
402,f8294c22-9dcc-4280-beb2-5e4f818c7755,result/feature_seg/bdc28a29-339a-4889-b88d-5fedc36a31a5_2.png
403,f8294c22-9dcc-4280-beb2-5e4f818c7755,result/feature_seg/679d03cd-2660-4118-bd67-83380fd875ef_2.png
404,f8294c22-9dcc-4280-beb2-5e4f818c7755,result/feature_seg/ce59c027-647b-4d02-9d03-8449ae2586a9_23.png
405,f8294c22-9dcc-4280-beb2-5e4f818c7755,result/feature_seg/e716c6c9-efdf-4a6c-afd2-5abca61cce7d_4.png
406,f8294c22-9dcc-4280-beb2-5e4f818c7755,result/feature_seg/4945b422-0078-4db5-a5bc-c8714f67bc3f_19.png
407,f8294c22-9dcc-4280-beb2-5e4f818c7755,result/feature_seg/090f64b4-3613-4ebb-8623-89dbe0fee7cc_0.png
408,f8294c22-9dcc-4280-beb2-5e4f818c7755,result/feature_seg/459922c0-cf0c-41a0-bbd8-15bb1c4814f7_13.png
409,f8294c22-9dcc-4280-beb2-5e4f818c7755,result/feature_seg/49c1047b-e906-44a6-89fe-ca588aef08f3_4.png
410,f8294c22-9dcc-4280-beb2-5e4f818c7755,result/feature_seg/01c4ccc7-760a-49d5-9c87-65b134aad157_19.png
411,f8294c22-9dcc-4280-beb2-5e4f818c7755,result/feature_seg/ce59c027-647b-4d02-9d03-8449ae2586a9_10.png
412,f8294c22-9dcc-4280-beb2-5e4f818c7755,result/feature_seg/8353ef56-cd1e-4ac9-8ada-3b05077ecb0b_5.png
413,f8294c22-9dcc-4280-beb2-5e4f818c7755,result/feature_seg/93ebec2f-5f5a-4a78-a75b-c8383f4abac0_6.png
414,f8294c22-9dcc-4280-beb2-5e4f818c7755,result/feature_seg/8353ef56-cd1e-4ac9-8ada-3b05077ecb0b_14.png
415,f8294c22-9dcc-4280-beb2-5e4f818c7755,result/feature_seg/4945b422-0078-4db5-a5bc-c8714f67bc3f_21.png
416,f8294c22-9dcc-4280-beb2-5e4f818c7755,result/feature_seg/07177902-c81c-44b0-9cac-71020ed640ca_3.png
417,f8294c22-9dcc-4280-beb2-5e4f818c7755,result/feature_seg/9fbdfce5-0815-4677-a3e7-c8fa2620f880_19.png
418,f8294c22-9dcc-4280-beb2-5e4f818c7755,result/feature_seg/ba16d251-601c-4b93-84d7-051317abde5e_0.png
419,f8294c22-9dcc-4280-beb2-5e4f818c7755,result/feature_seg/07177902-c81c-44b0-9cac-71020ed640ca_14.png
420,f8294c22-9dcc-4280-beb2-5e4f818c7755,result/feature_seg/c5f75ab5-6a3c-4987-be1b-5a828043ccee_11.png
421,f8294c22-9dcc-4280-beb2-5e4f818c7755,result/feature_seg/b3998fe9-99f6-41a5-91ca-aac6de4026fb_1.png
422,f8294c22-9dcc-4280-beb2-5e4f818c7755,result/feature_seg/ba16d251-601c-4b93-84d7-051317abde5e_8.png
423,f8294c22-9dcc-4280-beb2-5e4f818c7755,result/feature_seg/e685f860-a812-426c-a0ee-7753ba66fd82_1.png
424,f8294c22-9dcc-4280-beb2-5e4f818c7755,result/feature_seg/459922c0-cf0c-41a0-bbd8-15bb1c4814f7_7.png
425,f8294c22-9dcc-4280-beb2-5e4f818c7755,result/feature_seg/c1cffe38-9d4c-4be1-b545-9e3a33e0f87b_2.png
426,f8294c22-9dcc-4280-beb2-5e4f818c7755,result/feature_seg/07177902-c81c-44b0-9cac-71020ed640ca_0.png
427,f8294c22-9dcc-4280-beb2-5e4f818c7755,result/feature_seg/26f9a9e0-e6f2-410c-9b0b-7573976b989c_5.png
428,f8294c22-9dcc-4280-beb2-5e4f818c7755,result/feature_seg/02a2a714-ea3d-44aa-92de-33b45ac1a2f2_6.png
429,f8294c22-9dcc-4280-beb2-5e4f818c7755,result/feature_seg/e716c6c9-efdf-4a6c-afd2-5abca61cce7d_6.png
430,f8294c22-9dcc-4280-beb2-5e4f818c7755,result/feature_seg/845c0a91-e6af-4152-b67c-db547a32f09c_10.png
431,f8294c22-9dcc-4280-beb2-5e4f818c7755,result/feature_seg/4987677a-8268-4d28-925a-7177b6e1308b_0.png
432,f8294c22-9dcc-4280-beb2-5e4f818c7755,result/feature_seg/d91bc9ad-abd2-420d-8f87-5174ee57d0c4_0.png
433,f8294c22-9dcc-4280-beb2-5e4f818c7755,result/feature_seg/41949d97-0b09-4576-b4eb-eb0bd50fe8e9_0.png
434,f8294c22-9dcc-4280-beb2-5e4f818c7755,result/feature_seg/4945b422-0078-4db5-a5bc-c8714f67bc3f_20.png
435,f8294c22-9dcc-4280-beb2-5e4f818c7755,result/feature_seg/e716c6c9-efdf-4a6c-afd2-5abca61cce7d_10.png
436,f8294c22-9dcc-4280-beb2-5e4f818c7755,result/feature_seg/090f64b4-3613-4ebb-8623-89dbe0fee7cc_13.png
437,f8294c22-9dcc-4280-beb2-5e4f818c7755,result/feature_seg/d91bc9ad-abd2-420d-8f87-5174ee57d0c4_8.png
438,f8294c22-9dcc-4280-beb2-5e4f818c7755,result/feature_seg/92a752a7-c8e9-49bc-83af-f362d0f92974_1.png
439,f8294c22-9dcc-4280-beb2-5e4f818c7755,result/feature_seg/c5f75ab5-6a3c-4987-be1b-5a828043ccee_3.png
440,f8294c22-9dcc-4280-beb2-5e4f818c7755,result/feature_seg/5c2c028c-1287-4371-ab71-5a4baa9d6b45_7.png
441,f8294c22-9dcc-4280-beb2-5e4f818c7755,result/feature_seg/9fbdfce5-0815-4677-a3e7-c8fa2620f880_12.png
442,f8294c22-9dcc-4280-beb2-5e4f818c7755,result/feature_seg/c257d971-c345-4b77-9ac4-a6b854b36198_12.png
443,f8294c22-9dcc-4280-beb2-5e4f818c7755,result/feature_seg/b5f68fb5-8941-46ca-86b2-10c6b7360b3c_12.png
444,f8294c22-9dcc-4280-beb2-5e4f818c7755,result/feature_seg/02a2a714-ea3d-44aa-92de-33b45ac1a2f2_1.png
445,f8294c22-9dcc-4280-beb2-5e4f818c7755,result/feature_seg/ce59c027-647b-4d02-9d03-8449ae2586a9_14.png
446,f8294c22-9dcc-4280-beb2-5e4f818c7755,result/feature_seg/ce59c027-647b-4d02-9d03-8449ae2586a9_22.png
447,f8294c22-9dcc-4280-beb2-5e4f818c7755,result/feature_seg/845c0a91-e6af-4152-b67c-db547a32f09c_2.png
448,f8294c22-9dcc-4280-beb2-5e4f818c7755,result/feature_seg/8353ef56-cd1e-4ac9-8ada-3b05077ecb0b_4.png
449,f8294c22-9dcc-4280-beb2-5e4f818c7755,result/feature_seg/21b96a0f-6964-4083-8365-d9067098bfa6_15.png
450,f8294c22-9dcc-4280-beb2-5e4f818c7755,result/feature_seg/ba16d251-601c-4b93-84d7-051317abde5e_7.png
451,f8294c22-9dcc-4280-beb2-5e4f818c7755,result/feature_seg/c5f75ab5-6a3c-4987-be1b-5a828043ccee_2.png
452,f8294c22-9dcc-4280-beb2-5e4f818c7755,result/feature_seg/8c5936cd-98e5-4688-9927-a49ef83ffc22_9.png
453,f8294c22-9dcc-4280-beb2-5e4f818c7755,result/feature_seg/5c2c028c-1287-4371-ab71-5a4baa9d6b45_9.png
454,f8294c22-9dcc-4280-beb2-5e4f818c7755,result/feature_seg/b5f68fb5-8941-46ca-86b2-10c6b7360b3c_8.png
455,f8294c22-9dcc-4280-beb2-5e4f818c7755,result/feature_seg/b3998fe9-99f6-41a5-91ca-aac6de4026fb_0.png
456,f8294c22-9dcc-4280-beb2-5e4f818c7755,result/feature_seg/abd34754-0f64-42f2-89d5-c270c3efa505_0.png
457,f8294c22-9dcc-4280-beb2-5e4f818c7755,result/feature_seg/73594ea7-d99e-4a53-a928-9c122efecf8e_4.png
458,f8294c22-9dcc-4280-beb2-5e4f818c7755,result/feature_seg/41949d97-0b09-4576-b4eb-eb0bd50fe8e9_7.png
459,f8294c22-9dcc-4280-beb2-5e4f818c7755,result/feature_seg/d91bc9ad-abd2-420d-8f87-5174ee57d0c4_18.png
460,f8294c22-9dcc-4280-beb2-5e4f818c7755,result/feature_seg/26f9a9e0-e6f2-410c-9b0b-7573976b989c_4.png
461,f8294c22-9dcc-4280-beb2-5e4f818c7755,result/feature_seg/aa830332-9ff1-4802-9bd9-367004ebf4dd_10.png
462,f8294c22-9dcc-4280-beb2-5e4f818c7755,result/feature_seg/459922c0-cf0c-41a0-bbd8-15bb1c4814f7_18.png
463,f8294c22-9dcc-4280-beb2-5e4f818c7755,result/feature_seg/93ebec2f-5f5a-4a78-a75b-c8383f4abac0_1.png
464,f8294c22-9dcc-4280-beb2-5e4f818c7755,result/feature_seg/e716c6c9-efdf-4a6c-afd2-5abca61cce7d_15.png
465,f8294c22-9dcc-4280-beb2-5e4f818c7755,result/feature_seg/ce469290-4c8e-4591-9814-e1574620e5eb_1.png
466,f8294c22-9dcc-4280-beb2-5e4f818c7755,result/feature_seg/459922c0-cf0c-41a0-bbd8-15bb1c4814f7_6.png
467,f8294c22-9dcc-4280-beb2-5e4f818c7755,result/feature_seg/4945b422-0078-4db5-a5bc-c8714f67bc3f_9.png
468,f8294c22-9dcc-4280-beb2-5e4f818c7755,result/feature_seg/49c5c7ab-2393-4ac5-a7fc-805d19f385cc_5.png
469,f8294c22-9dcc-4280-beb2-5e4f818c7755,result/feature_seg/21b96a0f-6964-4083-8365-d9067098bfa6_4.png
470,f8294c22-9dcc-4280-beb2-5e4f818c7755,result/feature_seg/8353ef56-cd1e-4ac9-8ada-3b05077ecb0b_16.png
471,f8294c22-9dcc-4280-beb2-5e4f818c7755,result/feature_seg/e716c6c9-efdf-4a6c-afd2-5abca61cce7d_5.png
472,f8294c22-9dcc-4280-beb2-5e4f818c7755,result/feature_seg/49c5c7ab-2393-4ac5-a7fc-805d19f385cc_1.png
473,f8294c22-9dcc-4280-beb2-5e4f818c7755,result/feature_seg/8717131c-9a05-4377-904a-f0653cf73e01_19.png
474,f8294c22-9dcc-4280-beb2-5e4f818c7755,result/feature_seg/abd34754-0f64-42f2-89d5-c270c3efa505_8.png
475,f8294c22-9dcc-4280-beb2-5e4f818c7755,result/feature_seg/6d39d720-2406-4e5e-b60b-8459b316ebef_0.png
476,f8294c22-9dcc-4280-beb2-5e4f818c7755,result/feature_seg/01c4ccc7-760a-49d5-9c87-65b134aad157_15.png
477,f8294c22-9dcc-4280-beb2-5e4f818c7755,result/feature_seg/c69aea99-1c28-47cf-a991-ad3a18fbebde_4.png
478,f8294c22-9dcc-4280-beb2-5e4f818c7755,result/feature_seg/41949d97-0b09-4576-b4eb-eb0bd50fe8e9_6.png
479,f8294c22-9dcc-4280-beb2-5e4f818c7755,result/feature_seg/bdc28a29-339a-4889-b88d-5fedc36a31a5_1.png
480,f8294c22-9dcc-4280-beb2-5e4f818c7755,result/feature_seg/8353ef56-cd1e-4ac9-8ada-3b05077ecb0b_0.png
481,f8294c22-9dcc-4280-beb2-5e4f818c7755,result/feature_seg/b5f68fb5-8941-46ca-86b2-10c6b7360b3c_10.png
482,f8294c22-9dcc-4280-beb2-5e4f818c7755,result/feature_seg/0303ffed-f12a-42a7-85be-82636b3ed5a1_22.png
483,f8294c22-9dcc-4280-beb2-5e4f818c7755,result/feature_seg/02a2a714-ea3d-44aa-92de-33b45ac1a2f2_14.png
484,f8294c22-9dcc-4280-beb2-5e4f818c7755,result/feature_seg/c1cffe38-9d4c-4be1-b545-9e3a33e0f87b_4.png
485,f8294c22-9dcc-4280-beb2-5e4f818c7755,result/feature_seg/ce59c027-647b-4d02-9d03-8449ae2586a9_9.png
486,f8294c22-9dcc-4280-beb2-5e4f818c7755,result/feature_seg/8c5936cd-98e5-4688-9927-a49ef83ffc22_3.png
487,f8294c22-9dcc-4280-beb2-5e4f818c7755,result/feature_seg/07177902-c81c-44b0-9cac-71020ed640ca_15.png
488,f8294c22-9dcc-4280-beb2-5e4f818c7755,result/feature_seg/ce59c027-647b-4d02-9d03-8449ae2586a9_18.png
489,f8294c22-9dcc-4280-beb2-5e4f818c7755,result/feature_seg/21b96a0f-6964-4083-8365-d9067098bfa6_0.png
490,f8294c22-9dcc-4280-beb2-5e4f818c7755,result/feature_seg/9fbdfce5-0815-4677-a3e7-c8fa2620f880_24.png
491,f8294c22-9dcc-4280-beb2-5e4f818c7755,result/feature_seg/8717131c-9a05-4377-904a-f0653cf73e01_1.png
492,f8294c22-9dcc-4280-beb2-5e4f818c7755,result/feature_seg/4945b422-0078-4db5-a5bc-c8714f67bc3f_16.png
493,f8294c22-9dcc-4280-beb2-5e4f818c7755,result/feature_seg/73a21475-8965-4ef5-92d6-4289d4851d32_3.png
494,f8294c22-9dcc-4280-beb2-5e4f818c7755,result/feature_seg/73594ea7-d99e-4a53-a928-9c122efecf8e_7.png
495,f8294c22-9dcc-4280-beb2-5e4f818c7755,result/feature_seg/8e4e0a25-a588-4fa3-b16b-058aa6ef9297_10.png
496,f8294c22-9dcc-4280-beb2-5e4f818c7755,result/feature_seg/07177902-c81c-44b0-9cac-71020ed640ca_9.png
497,f8294c22-9dcc-4280-beb2-5e4f818c7755,result/feature_seg/04f6cb18-f7c9-40e4-9387-6ade8f1428e0_13.png
498,f8294c22-9dcc-4280-beb2-5e4f818c7755,result/feature_seg/e685f860-a812-426c-a0ee-7753ba66fd82_6.png
499,f8294c22-9dcc-4280-beb2-5e4f818c7755,result/feature_seg/4945b422-0078-4db5-a5bc-c8714f67bc3f_13.png
500,f8294c22-9dcc-4280-beb2-5e4f818c7755,result/feature_seg/a0d8e5a7-eb1d-4537-ba1b-c8d2ca8ca121_5.png
501,f8294c22-9dcc-4280-beb2-5e4f818c7755,result/feature_seg/ba16d251-601c-4b93-84d7-051317abde5e_22.png
502,f8294c22-9dcc-4280-beb2-5e4f818c7755,result/feature_seg/93ebec2f-5f5a-4a78-a75b-c8383f4abac0_4.png
503,f8294c22-9dcc-4280-beb2-5e4f818c7755,result/feature_seg/26f9a9e0-e6f2-410c-9b0b-7573976b989c_8.png
504,f8294c22-9dcc-4280-beb2-5e4f818c7755,result/feature_seg/0509167f-e955-40a4-aa87-f81fe5a911ca_7.png
505,f8294c22-9dcc-4280-beb2-5e4f818c7755,result/feature_seg/6d39d720-2406-4e5e-b60b-8459b316ebef_1.png
506,f8294c22-9dcc-4280-beb2-5e4f818c7755,result/feature_seg/8353ef56-cd1e-4ac9-8ada-3b05077ecb0b_13.png
507,f8294c22-9dcc-4280-beb2-5e4f818c7755,result/feature_seg/8717131c-9a05-4377-904a-f0653cf73e01_20.png
508,f8294c22-9dcc-4280-beb2-5e4f818c7755,result/feature_seg/459922c0-cf0c-41a0-bbd8-15bb1c4814f7_1.png
509,f8294c22-9dcc-4280-beb2-5e4f818c7755,result/feature_seg/b5f68fb5-8941-46ca-86b2-10c6b7360b3c_19.png
510,f8294c22-9dcc-4280-beb2-5e4f818c7755,result/feature_seg/a496a32a-59bc-4125-b22b-ef36afe1058f_9.png
511,f8294c22-9dcc-4280-beb2-5e4f818c7755,result/feature_seg/0509167f-e955-40a4-aa87-f81fe5a911ca_1.png
512,f8294c22-9dcc-4280-beb2-5e4f818c7755,result/feature_seg/d875ee3d-8a66-4acb-83d6-45c4f4254906_10.png
513,f8294c22-9dcc-4280-beb2-5e4f818c7755,result/feature_seg/d91bc9ad-abd2-420d-8f87-5174ee57d0c4_3.png
514,f8294c22-9dcc-4280-beb2-5e4f818c7755,result/feature_seg/21b96a0f-6964-4083-8365-d9067098bfa6_21.png
515,f8294c22-9dcc-4280-beb2-5e4f818c7755,result/feature_seg/49c5c7ab-2393-4ac5-a7fc-805d19f385cc_7.png
516,f8294c22-9dcc-4280-beb2-5e4f818c7755,result/feature_seg/73594ea7-d99e-4a53-a928-9c122efecf8e_0.png
517,f8294c22-9dcc-4280-beb2-5e4f818c7755,result/feature_seg/459922c0-cf0c-41a0-bbd8-15bb1c4814f7_10.png
518,f8294c22-9dcc-4280-beb2-5e4f818c7755,result/feature_seg/c257d971-c345-4b77-9ac4-a6b854b36198_3.png
519,f8294c22-9dcc-4280-beb2-5e4f818c7755,result/feature_seg/679d03cd-2660-4118-bd67-83380fd875ef_7.png
520,f8294c22-9dcc-4280-beb2-5e4f818c7755,result/feature_seg/0509167f-e955-40a4-aa87-f81fe5a911ca_2.png
521,f8294c22-9dcc-4280-beb2-5e4f818c7755,result/feature_seg/ce59c027-647b-4d02-9d03-8449ae2586a9_21.png
522,f8294c22-9dcc-4280-beb2-5e4f818c7755,result/feature_seg/e685f860-a812-426c-a0ee-7753ba66fd82_7.png
523,f8294c22-9dcc-4280-beb2-5e4f818c7755,result/feature_seg/67e38eab-a758-4451-964a-3d8813e576ae_10.png
524,f8294c22-9dcc-4280-beb2-5e4f818c7755,result/feature_seg/0303ffed-f12a-42a7-85be-82636b3ed5a1_8.png
525,f8294c22-9dcc-4280-beb2-5e4f818c7755,result/feature_seg/ba16d251-601c-4b93-84d7-051317abde5e_9.png
526,f8294c22-9dcc-4280-beb2-5e4f818c7755,result/feature_seg/01c4ccc7-760a-49d5-9c87-65b134aad157_9.png
527,f8294c22-9dcc-4280-beb2-5e4f818c7755,result/feature_seg/8e4e0a25-a588-4fa3-b16b-058aa6ef9297_11.png
528,f8294c22-9dcc-4280-beb2-5e4f818c7755,result/feature_seg/ce59c027-647b-4d02-9d03-8449ae2586a9_0.png
529,f8294c22-9dcc-4280-beb2-5e4f818c7755,result/feature_seg/c69aea99-1c28-47cf-a991-ad3a18fbebde_5.png
530,f8294c22-9dcc-4280-beb2-5e4f818c7755,result/feature_seg/ba16d251-601c-4b93-84d7-051317abde5e_20.png
531,f8294c22-9dcc-4280-beb2-5e4f818c7755,result/feature_seg/93ebec2f-5f5a-4a78-a75b-c8383f4abac0_9.png
532,f8294c22-9dcc-4280-beb2-5e4f818c7755,result/feature_seg/8c5936cd-98e5-4688-9927-a49ef83ffc22_2.png
533,f8294c22-9dcc-4280-beb2-5e4f818c7755,result/feature_seg/bdc28a29-339a-4889-b88d-5fedc36a31a5_4.png
534,f8294c22-9dcc-4280-beb2-5e4f818c7755,result/feature_seg/02a2a714-ea3d-44aa-92de-33b45ac1a2f2_5.png
535,f8294c22-9dcc-4280-beb2-5e4f818c7755,result/feature_seg/e716c6c9-efdf-4a6c-afd2-5abca61cce7d_18.png
536,f8294c22-9dcc-4280-beb2-5e4f818c7755,result/feature_seg/5c2c028c-1287-4371-ab71-5a4baa9d6b45_8.png
537,f8294c22-9dcc-4280-beb2-5e4f818c7755,result/feature_seg/a496a32a-59bc-4125-b22b-ef36afe1058f_11.png
538,f8294c22-9dcc-4280-beb2-5e4f818c7755,result/feature_seg/a496a32a-59bc-4125-b22b-ef36afe1058f_13.png
539,f8294c22-9dcc-4280-beb2-5e4f818c7755,result/feature_seg/4945b422-0078-4db5-a5bc-c8714f67bc3f_10.png
540,f8294c22-9dcc-4280-beb2-5e4f818c7755,result/feature_seg/bdc28a29-339a-4889-b88d-5fedc36a31a5_17.png
541,f8294c22-9dcc-4280-beb2-5e4f818c7755,result/feature_seg/090f64b4-3613-4ebb-8623-89dbe0fee7cc_21.png
542,f8294c22-9dcc-4280-beb2-5e4f818c7755,result/feature_seg/8717131c-9a05-4377-904a-f0653cf73e01_3.png
543,f8294c22-9dcc-4280-beb2-5e4f818c7755,result/feature_seg/8353ef56-cd1e-4ac9-8ada-3b05077ecb0b_8.png
544,f8294c22-9dcc-4280-beb2-5e4f818c7755,result/feature_seg/4987677a-8268-4d28-925a-7177b6e1308b_6.png
545,f8294c22-9dcc-4280-beb2-5e4f818c7755,result/feature_seg/26f9a9e0-e6f2-410c-9b0b-7573976b989c_1.png
546,f8294c22-9dcc-4280-beb2-5e4f818c7755,result/feature_seg/0509167f-e955-40a4-aa87-f81fe5a911ca_13.png
547,f8294c22-9dcc-4280-beb2-5e4f818c7755,result/feature_seg/04f6cb18-f7c9-40e4-9387-6ade8f1428e0_3.png
548,f8294c22-9dcc-4280-beb2-5e4f818c7755,result/feature_seg/c257d971-c345-4b77-9ac4-a6b854b36198_1.png
549,f8294c22-9dcc-4280-beb2-5e4f818c7755,result/feature_seg/73a21475-8965-4ef5-92d6-4289d4851d32_4.png
550,f8294c22-9dcc-4280-beb2-5e4f818c7755,result/feature_seg/49c5c7ab-2393-4ac5-a7fc-805d19f385cc_9.png
551,f8294c22-9dcc-4280-beb2-5e4f818c7755,result/feature_seg/d91bc9ad-abd2-420d-8f87-5174ee57d0c4_15.png
552,f8294c22-9dcc-4280-beb2-5e4f818c7755,result/feature_seg/0303ffed-f12a-42a7-85be-82636b3ed5a1_9.png
553,f8294c22-9dcc-4280-beb2-5e4f818c7755,result/feature_seg/21b96a0f-6964-4083-8365-d9067098bfa6_7.png
554,f8294c22-9dcc-4280-beb2-5e4f818c7755,result/feature_seg/bcc54110-f3e5-4045-bcb6-a05f8f11bd16_18.png
555,f8294c22-9dcc-4280-beb2-5e4f818c7755,result/feature_seg/8353ef56-cd1e-4ac9-8ada-3b05077ecb0b_20.png
556,f8294c22-9dcc-4280-beb2-5e4f818c7755,result/feature_seg/aa830332-9ff1-4802-9bd9-367004ebf4dd_4.png
557,f8294c22-9dcc-4280-beb2-5e4f818c7755,result/feature_seg/0303ffed-f12a-42a7-85be-82636b3ed5a1_11.png
558,f8294c22-9dcc-4280-beb2-5e4f818c7755,result/feature_seg/8353ef56-cd1e-4ac9-8ada-3b05077ecb0b_22.png
559,f8294c22-9dcc-4280-beb2-5e4f818c7755,result/feature_seg/090f64b4-3613-4ebb-8623-89dbe0fee7cc_12.png
560,f8294c22-9dcc-4280-beb2-5e4f818c7755,result/feature_seg/8717131c-9a05-4377-904a-f0653cf73e01_4.png
561,f8294c22-9dcc-4280-beb2-5e4f818c7755,result/feature_seg/ce59c027-647b-4d02-9d03-8449ae2586a9_15.png
562,f8294c22-9dcc-4280-beb2-5e4f818c7755,result/feature_seg/04f6cb18-f7c9-40e4-9387-6ade8f1428e0_8.png
563,f8294c22-9dcc-4280-beb2-5e4f818c7755,result/feature_seg/ce469290-4c8e-4591-9814-e1574620e5eb_3.png
564,f8294c22-9dcc-4280-beb2-5e4f818c7755,result/feature_seg/01c4ccc7-760a-49d5-9c87-65b134aad157_0.png
565,f8294c22-9dcc-4280-beb2-5e4f818c7755,result/feature_seg/8717131c-9a05-4377-904a-f0653cf73e01_16.png
566,f8294c22-9dcc-4280-beb2-5e4f818c7755,result/feature_seg/ce59c027-647b-4d02-9d03-8449ae2586a9_4.png
567,f8294c22-9dcc-4280-beb2-5e4f818c7755,result/feature_seg/0509167f-e955-40a4-aa87-f81fe5a911ca_20.png
568,f8294c22-9dcc-4280-beb2-5e4f818c7755,result/feature_seg/a0d8e5a7-eb1d-4537-ba1b-c8d2ca8ca121_7.png
569,f8294c22-9dcc-4280-beb2-5e4f818c7755,result/feature_seg/e685f860-a812-426c-a0ee-7753ba66fd82_15.png
570,f8294c22-9dcc-4280-beb2-5e4f818c7755,result/feature_seg/b5f68fb5-8941-46ca-86b2-10c6b7360b3c_11.png
571,f8294c22-9dcc-4280-beb2-5e4f818c7755,result/feature_seg/ba16d251-601c-4b93-84d7-051317abde5e_12.png
572,f8294c22-9dcc-4280-beb2-5e4f818c7755,result/feature_seg/bd11319c-49f9-4897-998d-de70fcc40c72_0.png
573,f8294c22-9dcc-4280-beb2-5e4f818c7755,result/feature_seg/b5f68fb5-8941-46ca-86b2-10c6b7360b3c_7.png
574,f8294c22-9dcc-4280-beb2-5e4f818c7755,result/feature_seg/845c0a91-e6af-4152-b67c-db547a32f09c_3.png
575,f8294c22-9dcc-4280-beb2-5e4f818c7755,result/feature_seg/48ab675b-74f6-4937-87e2-ce4fcc144397_9.png
576,f8294c22-9dcc-4280-beb2-5e4f818c7755,result/feature_seg/0509167f-e955-40a4-aa87-f81fe5a911ca_19.png
577,f8294c22-9dcc-4280-beb2-5e4f818c7755,result/feature_seg/e716c6c9-efdf-4a6c-afd2-5abca61cce7d_9.png
578,f8294c22-9dcc-4280-beb2-5e4f818c7755,result/feature_seg/e716c6c9-efdf-4a6c-afd2-5abca61cce7d_19.png
579,f8294c22-9dcc-4280-beb2-5e4f818c7755,result/feature_seg/bcc54110-f3e5-4045-bcb6-a05f8f11bd16_21.png
580,f8294c22-9dcc-4280-beb2-5e4f818c7755,result/feature_seg/e685f860-a812-426c-a0ee-7753ba66fd82_10.png
581,f8294c22-9dcc-4280-beb2-5e4f818c7755,result/feature_seg/c69aea99-1c28-47cf-a991-ad3a18fbebde_9.png
582,f8294c22-9dcc-4280-beb2-5e4f818c7755,result/feature_seg/73a21475-8965-4ef5-92d6-4289d4851d32_9.png
583,f8294c22-9dcc-4280-beb2-5e4f818c7755,result/feature_seg/67e38eab-a758-4451-964a-3d8813e576ae_0.png
584,f8294c22-9dcc-4280-beb2-5e4f818c7755,result/feature_seg/0303ffed-f12a-42a7-85be-82636b3ed5a1_10.png
585,f8294c22-9dcc-4280-beb2-5e4f818c7755,result/feature_seg/e716c6c9-efdf-4a6c-afd2-5abca61cce7d_2.png
586,f8294c22-9dcc-4280-beb2-5e4f818c7755,result/feature_seg/41949d97-0b09-4576-b4eb-eb0bd50fe8e9_1.png
587,f8294c22-9dcc-4280-beb2-5e4f818c7755,result/feature_seg/e716c6c9-efdf-4a6c-afd2-5abca61cce7d_17.png
588,f8294c22-9dcc-4280-beb2-5e4f818c7755,result/feature_seg/ba16d251-601c-4b93-84d7-051317abde5e_6.png
589,f8294c22-9dcc-4280-beb2-5e4f818c7755,result/feature_seg/4987677a-8268-4d28-925a-7177b6e1308b_3.png
590,f8294c22-9dcc-4280-beb2-5e4f818c7755,result/feature_seg/ba16d251-601c-4b93-84d7-051317abde5e_16.png
591,f8294c22-9dcc-4280-beb2-5e4f818c7755,result/feature_seg/b5f68fb5-8941-46ca-86b2-10c6b7360b3c_6.png
592,f8294c22-9dcc-4280-beb2-5e4f818c7755,result/feature_seg/8353ef56-cd1e-4ac9-8ada-3b05077ecb0b_7.png
593,f8294c22-9dcc-4280-beb2-5e4f818c7755,result/feature_seg/92a752a7-c8e9-49bc-83af-f362d0f92974_5.png
594,f8294c22-9dcc-4280-beb2-5e4f818c7755,result/feature_seg/93ebec2f-5f5a-4a78-a75b-c8383f4abac0_12.png
595,f8294c22-9dcc-4280-beb2-5e4f818c7755,result/feature_seg/b3998fe9-99f6-41a5-91ca-aac6de4026fb_2.png
596,f8294c22-9dcc-4280-beb2-5e4f818c7755,result/feature_seg/21b96a0f-6964-4083-8365-d9067098bfa6_17.png
597,f8294c22-9dcc-4280-beb2-5e4f818c7755,result/feature_seg/41949d97-0b09-4576-b4eb-eb0bd50fe8e9_5.png
598,f8294c22-9dcc-4280-beb2-5e4f818c7755,result/feature_seg/0509167f-e955-40a4-aa87-f81fe5a911ca_8.png
599,f8294c22-9dcc-4280-beb2-5e4f818c7755,result/feature_seg/ce469290-4c8e-4591-9814-e1574620e5eb_11.png
600,f8294c22-9dcc-4280-beb2-5e4f818c7755,result/feature_seg/b5f68fb5-8941-46ca-86b2-10c6b7360b3c_14.png
601,f8294c22-9dcc-4280-beb2-5e4f818c7755,result/feature_seg/48ab675b-74f6-4937-87e2-ce4fcc144397_7.png
602,f8294c22-9dcc-4280-beb2-5e4f818c7755,result/feature_seg/21b96a0f-6964-4083-8365-d9067098bfa6_13.png
603,f8294c22-9dcc-4280-beb2-5e4f818c7755,result/feature_seg/0303ffed-f12a-42a7-85be-82636b3ed5a1_6.png
604,f8294c22-9dcc-4280-beb2-5e4f818c7755,result/feature_seg/bd11319c-49f9-4897-998d-de70fcc40c72_3.png
605,f8294c22-9dcc-4280-beb2-5e4f818c7755,result/feature_seg/01c4ccc7-760a-49d5-9c87-65b134aad157_3.png
606,f8294c22-9dcc-4280-beb2-5e4f818c7755,result/feature_seg/e685f860-a812-426c-a0ee-7753ba66fd82_14.png
607,f8294c22-9dcc-4280-beb2-5e4f818c7755,result/feature_seg/d91bc9ad-abd2-420d-8f87-5174ee57d0c4_21.png
608,f8294c22-9dcc-4280-beb2-5e4f818c7755,result/feature_seg/4987677a-8268-4d28-925a-7177b6e1308b_9.png
609,f8294c22-9dcc-4280-beb2-5e4f818c7755,result/feature_seg/0509167f-e955-40a4-aa87-f81fe5a911ca_11.png
610,f8294c22-9dcc-4280-beb2-5e4f818c7755,result/feature_seg/aa830332-9ff1-4802-9bd9-367004ebf4dd_3.png
611,f8294c22-9dcc-4280-beb2-5e4f818c7755,result/feature_seg/c1cffe38-9d4c-4be1-b545-9e3a33e0f87b_5.png
612,f8294c22-9dcc-4280-beb2-5e4f818c7755,result/feature_seg/b5f68fb5-8941-46ca-86b2-10c6b7360b3c_4.png
613,f8294c22-9dcc-4280-beb2-5e4f818c7755,result/feature_seg/d91bc9ad-abd2-420d-8f87-5174ee57d0c4_7.png
614,f8294c22-9dcc-4280-beb2-5e4f818c7755,result/feature_seg/6d39d720-2406-4e5e-b60b-8459b316ebef_20.png
615,f8294c22-9dcc-4280-beb2-5e4f818c7755,result/feature_seg/ce469290-4c8e-4591-9814-e1574620e5eb_2.png
616,f8294c22-9dcc-4280-beb2-5e4f818c7755,result/feature_seg/aa830332-9ff1-4802-9bd9-367004ebf4dd_2.png
617,f8294c22-9dcc-4280-beb2-5e4f818c7755,result/feature_seg/090f64b4-3613-4ebb-8623-89dbe0fee7cc_17.png
618,f8294c22-9dcc-4280-beb2-5e4f818c7755,result/feature_seg/9fbdfce5-0815-4677-a3e7-c8fa2620f880_17.png
619,f8294c22-9dcc-4280-beb2-5e4f818c7755,result/feature_seg/459922c0-cf0c-41a0-bbd8-15bb1c4814f7_20.png
620,f8294c22-9dcc-4280-beb2-5e4f818c7755,result/feature_seg/21b96a0f-6964-4083-8365-d9067098bfa6_19.png
621,f8294c22-9dcc-4280-beb2-5e4f818c7755,result/feature_seg/4987677a-8268-4d28-925a-7177b6e1308b_2.png
622,f8294c22-9dcc-4280-beb2-5e4f818c7755,result/feature_seg/aa830332-9ff1-4802-9bd9-367004ebf4dd_17.png
623,f8294c22-9dcc-4280-beb2-5e4f818c7755,result/feature_seg/459922c0-cf0c-41a0-bbd8-15bb1c4814f7_9.png
624,f8294c22-9dcc-4280-beb2-5e4f818c7755,result/feature_seg/bcc54110-f3e5-4045-bcb6-a05f8f11bd16_9.png
625,f8294c22-9dcc-4280-beb2-5e4f818c7755,result/feature_seg/92a752a7-c8e9-49bc-83af-f362d0f92974_9.png
626,f8294c22-9dcc-4280-beb2-5e4f818c7755,result/feature_seg/d91bc9ad-abd2-420d-8f87-5174ee57d0c4_2.png
627,f8294c22-9dcc-4280-beb2-5e4f818c7755,result/feature_seg/c5f75ab5-6a3c-4987-be1b-5a828043ccee_7.png
628,f8294c22-9dcc-4280-beb2-5e4f818c7755,result/feature_seg/92a752a7-c8e9-49bc-83af-f362d0f92974_11.png
629,f8294c22-9dcc-4280-beb2-5e4f818c7755,result/feature_seg/679d03cd-2660-4118-bd67-83380fd875ef_0.png
630,f8294c22-9dcc-4280-beb2-5e4f818c7755,result/feature_seg/01c4ccc7-760a-49d5-9c87-65b134aad157_4.png
631,f8294c22-9dcc-4280-beb2-5e4f818c7755,result/feature_seg/d875ee3d-8a66-4acb-83d6-45c4f4254906_0.png
632,f8294c22-9dcc-4280-beb2-5e4f818c7755,result/feature_seg/e716c6c9-efdf-4a6c-afd2-5abca61cce7d_11.png
633,f8294c22-9dcc-4280-beb2-5e4f818c7755,result/feature_seg/abd34754-0f64-42f2-89d5-c270c3efa505_9.png
634,f8294c22-9dcc-4280-beb2-5e4f818c7755,result/feature_seg/4945b422-0078-4db5-a5bc-c8714f67bc3f_22.png
635,f8294c22-9dcc-4280-beb2-5e4f818c7755,result/feature_seg/b5f68fb5-8941-46ca-86b2-10c6b7360b3c_21.png
636,f8294c22-9dcc-4280-beb2-5e4f818c7755,result/feature_seg/090f64b4-3613-4ebb-8623-89dbe0fee7cc_18.png
637,f8294c22-9dcc-4280-beb2-5e4f818c7755,result/feature_seg/73a21475-8965-4ef5-92d6-4289d4851d32_7.png
638,f8294c22-9dcc-4280-beb2-5e4f818c7755,result/feature_seg/04f6cb18-f7c9-40e4-9387-6ade8f1428e0_5.png
639,f8294c22-9dcc-4280-beb2-5e4f818c7755,result/feature_seg/845c0a91-e6af-4152-b67c-db547a32f09c_6.png
640,f8294c22-9dcc-4280-beb2-5e4f818c7755,result/feature_seg/49c5c7ab-2393-4ac5-a7fc-805d19f385cc_6.png
641,f8294c22-9dcc-4280-beb2-5e4f818c7755,result/feature_seg/02a2a714-ea3d-44aa-92de-33b45ac1a2f2_4.png
642,f8294c22-9dcc-4280-beb2-5e4f818c7755,result/feature_seg/d91bc9ad-abd2-420d-8f87-5174ee57d0c4_11.png
643,f8294c22-9dcc-4280-beb2-5e4f818c7755,result/feature_seg/090f64b4-3613-4ebb-8623-89dbe0fee7cc_9.png
644,f8294c22-9dcc-4280-beb2-5e4f818c7755,result/feature_seg/bdc28a29-339a-4889-b88d-5fedc36a31a5_19.png
645,f8294c22-9dcc-4280-beb2-5e4f818c7755,result/feature_seg/c69aea99-1c28-47cf-a991-ad3a18fbebde_0.png
646,f8294c22-9dcc-4280-beb2-5e4f818c7755,result/feature_seg/a496a32a-59bc-4125-b22b-ef36afe1058f_4.png
647,f8294c22-9dcc-4280-beb2-5e4f818c7755,result/feature_seg/48ab675b-74f6-4937-87e2-ce4fcc144397_6.png
648,f8294c22-9dcc-4280-beb2-5e4f818c7755,result/feature_seg/92a752a7-c8e9-49bc-83af-f362d0f92974_10.png
649,f8294c22-9dcc-4280-beb2-5e4f818c7755,result/feature_seg/9fbdfce5-0815-4677-a3e7-c8fa2620f880_15.png
650,f8294c22-9dcc-4280-beb2-5e4f818c7755,result/feature_seg/ba16d251-601c-4b93-84d7-051317abde5e_1.png
651,f8294c22-9dcc-4280-beb2-5e4f818c7755,result/feature_seg/bd11319c-49f9-4897-998d-de70fcc40c72_7.png
652,f8294c22-9dcc-4280-beb2-5e4f818c7755,result/feature_seg/93ebec2f-5f5a-4a78-a75b-c8383f4abac0_2.png
653,f8294c22-9dcc-4280-beb2-5e4f818c7755,result/feature_seg/679d03cd-2660-4118-bd67-83380fd875ef_6.png
654,f8294c22-9dcc-4280-beb2-5e4f818c7755,result/feature_seg/bdc28a29-339a-4889-b88d-5fedc36a31a5_18.png
655,f8294c22-9dcc-4280-beb2-5e4f818c7755,result/feature_seg/6d39d720-2406-4e5e-b60b-8459b316ebef_8.png
656,f8294c22-9dcc-4280-beb2-5e4f818c7755,result/feature_seg/0303ffed-f12a-42a7-85be-82636b3ed5a1_13.png
657,f8294c22-9dcc-4280-beb2-5e4f818c7755,result/feature_seg/a0d8e5a7-eb1d-4537-ba1b-c8d2ca8ca121_0.png
658,f8294c22-9dcc-4280-beb2-5e4f818c7755,result/feature_seg/8353ef56-cd1e-4ac9-8ada-3b05077ecb0b_17.png
659,f8294c22-9dcc-4280-beb2-5e4f818c7755,result/feature_seg/459922c0-cf0c-41a0-bbd8-15bb1c4814f7_2.png
660,f8294c22-9dcc-4280-beb2-5e4f818c7755,result/feature_seg/d91bc9ad-abd2-420d-8f87-5174ee57d0c4_19.png
661,f8294c22-9dcc-4280-beb2-5e4f818c7755,result/feature_seg/02a2a714-ea3d-44aa-92de-33b45ac1a2f2_2.png
662,f8294c22-9dcc-4280-beb2-5e4f818c7755,result/feature_seg/090f64b4-3613-4ebb-8623-89dbe0fee7cc_10.png
663,f8294c22-9dcc-4280-beb2-5e4f818c7755,result/feature_seg/07177902-c81c-44b0-9cac-71020ed640ca_10.png
664,f8294c22-9dcc-4280-beb2-5e4f818c7755,result/feature_seg/48ab675b-74f6-4937-87e2-ce4fcc144397_5.png
665,f8294c22-9dcc-4280-beb2-5e4f818c7755,result/feature_seg/9fbdfce5-0815-4677-a3e7-c8fa2620f880_9.png
666,f8294c22-9dcc-4280-beb2-5e4f818c7755,result/feature_seg/bdc28a29-339a-4889-b88d-5fedc36a31a5_11.png
667,f8294c22-9dcc-4280-beb2-5e4f818c7755,result/feature_seg/48ab675b-74f6-4937-87e2-ce4fcc144397_10.png
668,f8294c22-9dcc-4280-beb2-5e4f818c7755,result/feature_seg/73a21475-8965-4ef5-92d6-4289d4851d32_11.png
669,f8294c22-9dcc-4280-beb2-5e4f818c7755,result/feature_seg/49c1047b-e906-44a6-89fe-ca588aef08f3_2.png
670,f8294c22-9dcc-4280-beb2-5e4f818c7755,result/feature_seg/e685f860-a812-426c-a0ee-7753ba66fd82_0.png
671,f8294c22-9dcc-4280-beb2-5e4f818c7755,result/feature_seg/aa830332-9ff1-4802-9bd9-367004ebf4dd_6.png
672,f8294c22-9dcc-4280-beb2-5e4f818c7755,result/feature_seg/bdc28a29-339a-4889-b88d-5fedc36a31a5_20.png
673,f8294c22-9dcc-4280-beb2-5e4f818c7755,result/feature_seg/8353ef56-cd1e-4ac9-8ada-3b05077ecb0b_19.png
674,f8294c22-9dcc-4280-beb2-5e4f818c7755,result/feature_seg/21b96a0f-6964-4083-8365-d9067098bfa6_16.png
675,f8294c22-9dcc-4280-beb2-5e4f818c7755,result/feature_seg/6d39d720-2406-4e5e-b60b-8459b316ebef_21.png
676,f8294c22-9dcc-4280-beb2-5e4f818c7755,result/feature_seg/8717131c-9a05-4377-904a-f0653cf73e01_14.png
677,f8294c22-9dcc-4280-beb2-5e4f818c7755,result/feature_seg/abd34754-0f64-42f2-89d5-c270c3efa505_6.png
678,f8294c22-9dcc-4280-beb2-5e4f818c7755,result/feature_seg/6d39d720-2406-4e5e-b60b-8459b316ebef_10.png
679,f8294c22-9dcc-4280-beb2-5e4f818c7755,result/feature_seg/6d39d720-2406-4e5e-b60b-8459b316ebef_6.png
680,f8294c22-9dcc-4280-beb2-5e4f818c7755,result/feature_seg/0303ffed-f12a-42a7-85be-82636b3ed5a1_19.png
681,f8294c22-9dcc-4280-beb2-5e4f818c7755,result/feature_seg/bdc28a29-339a-4889-b88d-5fedc36a31a5_7.png
682,f8294c22-9dcc-4280-beb2-5e4f818c7755,result/feature_seg/67e38eab-a758-4451-964a-3d8813e576ae_3.png
683,f8294c22-9dcc-4280-beb2-5e4f818c7755,result/feature_seg/8353ef56-cd1e-4ac9-8ada-3b05077ecb0b_21.png
684,f8294c22-9dcc-4280-beb2-5e4f818c7755,result/feature_seg/8e4e0a25-a588-4fa3-b16b-058aa6ef9297_5.png
685,f8294c22-9dcc-4280-beb2-5e4f818c7755,result/feature_seg/0509167f-e955-40a4-aa87-f81fe5a911ca_9.png
686,f8294c22-9dcc-4280-beb2-5e4f818c7755,result/feature_seg/d875ee3d-8a66-4acb-83d6-45c4f4254906_3.png
687,f8294c22-9dcc-4280-beb2-5e4f818c7755,result/feature_seg/a0d8e5a7-eb1d-4537-ba1b-c8d2ca8ca121_4.png
688,f8294c22-9dcc-4280-beb2-5e4f818c7755,result/feature_seg/04f6cb18-f7c9-40e4-9387-6ade8f1428e0_1.png
689,f8294c22-9dcc-4280-beb2-5e4f818c7755,result/feature_seg/459922c0-cf0c-41a0-bbd8-15bb1c4814f7_12.png
690,f8294c22-9dcc-4280-beb2-5e4f818c7755,result/feature_seg/6d39d720-2406-4e5e-b60b-8459b316ebef_7.png
691,f8294c22-9dcc-4280-beb2-5e4f818c7755,result/feature_seg/a496a32a-59bc-4125-b22b-ef36afe1058f_6.png
692,f8294c22-9dcc-4280-beb2-5e4f818c7755,result/feature_seg/8717131c-9a05-4377-904a-f0653cf73e01_8.png
693,f8294c22-9dcc-4280-beb2-5e4f818c7755,result/feature_seg/bdc28a29-339a-4889-b88d-5fedc36a31a5_21.png
694,f8294c22-9dcc-4280-beb2-5e4f818c7755,result/feature_seg/ba16d251-601c-4b93-84d7-051317abde5e_5.png
695,f8294c22-9dcc-4280-beb2-5e4f818c7755,result/feature_seg/c69aea99-1c28-47cf-a991-ad3a18fbebde_1.png
696,f8294c22-9dcc-4280-beb2-5e4f818c7755,result/feature_seg/8353ef56-cd1e-4ac9-8ada-3b05077ecb0b_1.png
697,f8294c22-9dcc-4280-beb2-5e4f818c7755,result/feature_seg/ce59c027-647b-4d02-9d03-8449ae2586a9_19.png
698,f8294c22-9dcc-4280-beb2-5e4f818c7755,result/feature_seg/ba16d251-601c-4b93-84d7-051317abde5e_18.png
699,f8294c22-9dcc-4280-beb2-5e4f818c7755,result/feature_seg/8c5936cd-98e5-4688-9927-a49ef83ffc22_1.png
700,f8294c22-9dcc-4280-beb2-5e4f818c7755,result/feature_seg/92a752a7-c8e9-49bc-83af-f362d0f92974_6.png
701,f8294c22-9dcc-4280-beb2-5e4f818c7755,result/feature_seg/0303ffed-f12a-42a7-85be-82636b3ed5a1_17.png
702,f8294c22-9dcc-4280-beb2-5e4f818c7755,result/feature_seg/090f64b4-3613-4ebb-8623-89dbe0fee7cc_1.png
703,f8294c22-9dcc-4280-beb2-5e4f818c7755,result/feature_seg/bcc54110-f3e5-4045-bcb6-a05f8f11bd16_17.png
704,f8294c22-9dcc-4280-beb2-5e4f818c7755,result/feature_seg/04f6cb18-f7c9-40e4-9387-6ade8f1428e0_9.png
705,f8294c22-9dcc-4280-beb2-5e4f818c7755,result/feature_seg/02a2a714-ea3d-44aa-92de-33b45ac1a2f2_3.png
706,f8294c22-9dcc-4280-beb2-5e4f818c7755,result/feature_seg/d91bc9ad-abd2-420d-8f87-5174ee57d0c4_16.png
707,f8294c22-9dcc-4280-beb2-5e4f818c7755,result/feature_seg/090f64b4-3613-4ebb-8623-89dbe0fee7cc_20.png
708,f8294c22-9dcc-4280-beb2-5e4f818c7755,result/feature_seg/9fbdfce5-0815-4677-a3e7-c8fa2620f880_23.png
709,f8294c22-9dcc-4280-beb2-5e4f818c7755,result/feature_seg/9fbdfce5-0815-4677-a3e7-c8fa2620f880_11.png
710,f8294c22-9dcc-4280-beb2-5e4f818c7755,result/feature_seg/9fbdfce5-0815-4677-a3e7-c8fa2620f880_3.png
711,f8294c22-9dcc-4280-beb2-5e4f818c7755,result/feature_seg/e716c6c9-efdf-4a6c-afd2-5abca61cce7d_14.png
712,f8294c22-9dcc-4280-beb2-5e4f818c7755,result/feature_seg/07177902-c81c-44b0-9cac-71020ed640ca_12.png
713,f8294c22-9dcc-4280-beb2-5e4f818c7755,result/feature_seg/ce59c027-647b-4d02-9d03-8449ae2586a9_20.png
714,f8294c22-9dcc-4280-beb2-5e4f818c7755,result/feature_seg/845c0a91-e6af-4152-b67c-db547a32f09c_5.png
715,f8294c22-9dcc-4280-beb2-5e4f818c7755,result/feature_seg/c1cffe38-9d4c-4be1-b545-9e3a33e0f87b_3.png
716,f8294c22-9dcc-4280-beb2-5e4f818c7755,result/feature_seg/bd11319c-49f9-4897-998d-de70fcc40c72_2.png
717,f8294c22-9dcc-4280-beb2-5e4f818c7755,result/feature_seg/4945b422-0078-4db5-a5bc-c8714f67bc3f_2.png
718,f8294c22-9dcc-4280-beb2-5e4f818c7755,result/feature_seg/459922c0-cf0c-41a0-bbd8-15bb1c4814f7_21.png
719,f8294c22-9dcc-4280-beb2-5e4f818c7755,result/feature_seg/aa830332-9ff1-4802-9bd9-367004ebf4dd_16.png
720,f8294c22-9dcc-4280-beb2-5e4f818c7755,result/feature_seg/c257d971-c345-4b77-9ac4-a6b854b36198_10.png
721,f8294c22-9dcc-4280-beb2-5e4f818c7755,result/feature_seg/49c5c7ab-2393-4ac5-a7fc-805d19f385cc_8.png
722,f8294c22-9dcc-4280-beb2-5e4f818c7755,result/feature_seg/0303ffed-f12a-42a7-85be-82636b3ed5a1_1.png
723,f8294c22-9dcc-4280-beb2-5e4f818c7755,result/feature_seg/e716c6c9-efdf-4a6c-afd2-5abca61cce7d_0.png
724,f8294c22-9dcc-4280-beb2-5e4f818c7755,result/feature_seg/49c1047b-e906-44a6-89fe-ca588aef08f3_5.png
725,f8294c22-9dcc-4280-beb2-5e4f818c7755,result/feature_seg/8353ef56-cd1e-4ac9-8ada-3b05077ecb0b_6.png
726,f8294c22-9dcc-4280-beb2-5e4f818c7755,result/feature_seg/21b96a0f-6964-4083-8365-d9067098bfa6_8.png
727,f8294c22-9dcc-4280-beb2-5e4f818c7755,result/feature_seg/07177902-c81c-44b0-9cac-71020ed640ca_2.png
728,f8294c22-9dcc-4280-beb2-5e4f818c7755,result/feature_seg/0303ffed-f12a-42a7-85be-82636b3ed5a1_20.png
729,f8294c22-9dcc-4280-beb2-5e4f818c7755,result/feature_seg/26f9a9e0-e6f2-410c-9b0b-7573976b989c_10.png
730,f8294c22-9dcc-4280-beb2-5e4f818c7755,result/feature_seg/b5f68fb5-8941-46ca-86b2-10c6b7360b3c_3.png
731,f8294c22-9dcc-4280-beb2-5e4f818c7755,result/feature_seg/5c2c028c-1287-4371-ab71-5a4baa9d6b45_6.png
732,f8294c22-9dcc-4280-beb2-5e4f818c7755,result/feature_seg/a0d8e5a7-eb1d-4537-ba1b-c8d2ca8ca121_9.png
733,f8294c22-9dcc-4280-beb2-5e4f818c7755,result/feature_seg/8717131c-9a05-4377-904a-f0653cf73e01_0.png
734,f8294c22-9dcc-4280-beb2-5e4f818c7755,result/feature_seg/bd11319c-49f9-4897-998d-de70fcc40c72_1.png
735,f8294c22-9dcc-4280-beb2-5e4f818c7755,result/feature_seg/0509167f-e955-40a4-aa87-f81fe5a911ca_0.png
736,f8294c22-9dcc-4280-beb2-5e4f818c7755,result/feature_seg/a0d8e5a7-eb1d-4537-ba1b-c8d2ca8ca121_3.png
737,f8294c22-9dcc-4280-beb2-5e4f818c7755,result/feature_seg/8e4e0a25-a588-4fa3-b16b-058aa6ef9297_4.png
738,f8294c22-9dcc-4280-beb2-5e4f818c7755,result/feature_seg/bcc54110-f3e5-4045-bcb6-a05f8f11bd16_11.png
739,f8294c22-9dcc-4280-beb2-5e4f818c7755,result/feature_seg/e716c6c9-efdf-4a6c-afd2-5abca61cce7d_7.png
740,f8294c22-9dcc-4280-beb2-5e4f818c7755,result/feature_seg/01c4ccc7-760a-49d5-9c87-65b134aad157_16.png
741,f8294c22-9dcc-4280-beb2-5e4f818c7755,result/feature_seg/0509167f-e955-40a4-aa87-f81fe5a911ca_3.png
742,f8294c22-9dcc-4280-beb2-5e4f818c7755,result/feature_seg/49c5c7ab-2393-4ac5-a7fc-805d19f385cc_3.png
743,f8294c22-9dcc-4280-beb2-5e4f818c7755,result/feature_seg/6d39d720-2406-4e5e-b60b-8459b316ebef_19.png
744,f8294c22-9dcc-4280-beb2-5e4f818c7755,result/feature_seg/ce469290-4c8e-4591-9814-e1574620e5eb_4.png
745,f8294c22-9dcc-4280-beb2-5e4f818c7755,result/feature_seg/a496a32a-59bc-4125-b22b-ef36afe1058f_2.png
746,f8294c22-9dcc-4280-beb2-5e4f818c7755,result/feature_seg/bd11319c-49f9-4897-998d-de70fcc40c72_10.png
747,f8294c22-9dcc-4280-beb2-5e4f818c7755,result/feature_seg/41949d97-0b09-4576-b4eb-eb0bd50fe8e9_9.png
748,f8294c22-9dcc-4280-beb2-5e4f818c7755,result/feature_seg/d91bc9ad-abd2-420d-8f87-5174ee57d0c4_4.png
749,f8294c22-9dcc-4280-beb2-5e4f818c7755,result/feature_seg/a496a32a-59bc-4125-b22b-ef36afe1058f_7.png
750,f8294c22-9dcc-4280-beb2-5e4f818c7755,result/feature_seg/73594ea7-d99e-4a53-a928-9c122efecf8e_3.png
751,f8294c22-9dcc-4280-beb2-5e4f818c7755,result/feature_seg/ce469290-4c8e-4591-9814-e1574620e5eb_9.png
752,f8294c22-9dcc-4280-beb2-5e4f818c7755,result/feature_seg/0303ffed-f12a-42a7-85be-82636b3ed5a1_15.png
753,f8294c22-9dcc-4280-beb2-5e4f818c7755,result/feature_seg/aa830332-9ff1-4802-9bd9-367004ebf4dd_19.png
754,f8294c22-9dcc-4280-beb2-5e4f818c7755,result/feature_seg/73594ea7-d99e-4a53-a928-9c122efecf8e_6.png
755,f8294c22-9dcc-4280-beb2-5e4f818c7755,result/feature_seg/b3998fe9-99f6-41a5-91ca-aac6de4026fb_12.png
756,f8294c22-9dcc-4280-beb2-5e4f818c7755,result/feature_seg/8c5936cd-98e5-4688-9927-a49ef83ffc22_7.png
757,f8294c22-9dcc-4280-beb2-5e4f818c7755,result/feature_seg/a496a32a-59bc-4125-b22b-ef36afe1058f_10.png
758,f8294c22-9dcc-4280-beb2-5e4f818c7755,result/feature_seg/abd34754-0f64-42f2-89d5-c270c3efa505_4.png
759,f8294c22-9dcc-4280-beb2-5e4f818c7755,result/feature_seg/090f64b4-3613-4ebb-8623-89dbe0fee7cc_19.png
760,f8294c22-9dcc-4280-beb2-5e4f818c7755,result/feature_seg/07177902-c81c-44b0-9cac-71020ed640ca_7.png
761,f8294c22-9dcc-4280-beb2-5e4f818c7755,result/feature_seg/e685f860-a812-426c-a0ee-7753ba66fd82_13.png
762,f8294c22-9dcc-4280-beb2-5e4f818c7755,result/feature_seg/07177902-c81c-44b0-9cac-71020ed640ca_19.png
763,f8294c22-9dcc-4280-beb2-5e4f818c7755,result/feature_seg/e685f860-a812-426c-a0ee-7753ba66fd82_12.png
764,f8294c22-9dcc-4280-beb2-5e4f818c7755,result/feature_seg/bcc54110-f3e5-4045-bcb6-a05f8f11bd16_1.png
765,f8294c22-9dcc-4280-beb2-5e4f818c7755,result/feature_seg/02a2a714-ea3d-44aa-92de-33b45ac1a2f2_10.png
766,f8294c22-9dcc-4280-beb2-5e4f818c7755,result/feature_seg/c5f75ab5-6a3c-4987-be1b-5a828043ccee_5.png
767,f8294c22-9dcc-4280-beb2-5e4f818c7755,result/feature_seg/9fbdfce5-0815-4677-a3e7-c8fa2620f880_2.png
768,f8294c22-9dcc-4280-beb2-5e4f818c7755,result/feature_seg/4945b422-0078-4db5-a5bc-c8714f67bc3f_11.png
769,f8294c22-9dcc-4280-beb2-5e4f818c7755,result/feature_seg/02a2a714-ea3d-44aa-92de-33b45ac1a2f2_20.png
770,f8294c22-9dcc-4280-beb2-5e4f818c7755,result/feature_seg/07177902-c81c-44b0-9cac-71020ed640ca_4.png
771,f8294c22-9dcc-4280-beb2-5e4f818c7755,result/feature_seg/5c2c028c-1287-4371-ab71-5a4baa9d6b45_2.png
772,f8294c22-9dcc-4280-beb2-5e4f818c7755,result/feature_seg/bcc54110-f3e5-4045-bcb6-a05f8f11bd16_12.png
773,f8294c22-9dcc-4280-beb2-5e4f818c7755,result/feature_seg/abd34754-0f64-42f2-89d5-c270c3efa505_2.png
774,f8294c22-9dcc-4280-beb2-5e4f818c7755,result/feature_seg/07177902-c81c-44b0-9cac-71020ed640ca_8.png
775,f8294c22-9dcc-4280-beb2-5e4f818c7755,result/feature_seg/a496a32a-59bc-4125-b22b-ef36afe1058f_12.png
776,f8294c22-9dcc-4280-beb2-5e4f818c7755,result/feature_seg/01c4ccc7-760a-49d5-9c87-65b134aad157_2.png
777,f8294c22-9dcc-4280-beb2-5e4f818c7755,result/feature_seg/845c0a91-e6af-4152-b67c-db547a32f09c_4.png
778,f8294c22-9dcc-4280-beb2-5e4f818c7755,result/feature_seg/bcc54110-f3e5-4045-bcb6-a05f8f11bd16_19.png
779,f8294c22-9dcc-4280-beb2-5e4f818c7755,result/feature_seg/c5f75ab5-6a3c-4987-be1b-5a828043ccee_8.png
780,f8294c22-9dcc-4280-beb2-5e4f818c7755,result/feature_seg/07177902-c81c-44b0-9cac-71020ed640ca_21.png
781,f8294c22-9dcc-4280-beb2-5e4f818c7755,result/feature_seg/b3998fe9-99f6-41a5-91ca-aac6de4026fb_8.png
782,f8294c22-9dcc-4280-beb2-5e4f818c7755,result/feature_seg/02a2a714-ea3d-44aa-92de-33b45ac1a2f2_9.png
783,f8294c22-9dcc-4280-beb2-5e4f818c7755,result/feature_seg/6d39d720-2406-4e5e-b60b-8459b316ebef_18.png
784,f8294c22-9dcc-4280-beb2-5e4f818c7755,result/feature_seg/090f64b4-3613-4ebb-8623-89dbe0fee7cc_4.png
785,f8294c22-9dcc-4280-beb2-5e4f818c7755,result/feature_seg/b5f68fb5-8941-46ca-86b2-10c6b7360b3c_5.png
786,f8294c22-9dcc-4280-beb2-5e4f818c7755,result/feature_seg/21b96a0f-6964-4083-8365-d9067098bfa6_12.png
787,f8294c22-9dcc-4280-beb2-5e4f818c7755,result/feature_seg/bdc28a29-339a-4889-b88d-5fedc36a31a5_3.png
788,f8294c22-9dcc-4280-beb2-5e4f818c7755,result/feature_seg/aa830332-9ff1-4802-9bd9-367004ebf4dd_5.png
789,f8294c22-9dcc-4280-beb2-5e4f818c7755,result/feature_seg/41949d97-0b09-4576-b4eb-eb0bd50fe8e9_10.png
790,f8294c22-9dcc-4280-beb2-5e4f818c7755,result/feature_seg/49c5c7ab-2393-4ac5-a7fc-805d19f385cc_0.png
791,f8294c22-9dcc-4280-beb2-5e4f818c7755,result/feature_seg/aa830332-9ff1-4802-9bd9-367004ebf4dd_0.png
792,f8294c22-9dcc-4280-beb2-5e4f818c7755,result/feature_seg/41949d97-0b09-4576-b4eb-eb0bd50fe8e9_4.png
793,f8294c22-9dcc-4280-beb2-5e4f818c7755,result/feature_seg/67e38eab-a758-4451-964a-3d8813e576ae_1.png
794,f8294c22-9dcc-4280-beb2-5e4f818c7755,result/feature_seg/8717131c-9a05-4377-904a-f0653cf73e01_21.png
795,f8294c22-9dcc-4280-beb2-5e4f818c7755,result/feature_seg/49c5c7ab-2393-4ac5-a7fc-805d19f385cc_11.png
796,f8294c22-9dcc-4280-beb2-5e4f818c7755,result/feature_seg/ce59c027-647b-4d02-9d03-8449ae2586a9_17.png
797,f8294c22-9dcc-4280-beb2-5e4f818c7755,result/feature_seg/bdc28a29-339a-4889-b88d-5fedc36a31a5_14.png
798,f8294c22-9dcc-4280-beb2-5e4f818c7755,result/feature_seg/090f64b4-3613-4ebb-8623-89dbe0fee7cc_8.png
799,f8294c22-9dcc-4280-beb2-5e4f818c7755,result/feature_seg/bd11319c-49f9-4897-998d-de70fcc40c72_5.png
800,f8294c22-9dcc-4280-beb2-5e4f818c7755,result/feature_seg/679d03cd-2660-4118-bd67-83380fd875ef_5.png
801,f8294c22-9dcc-4280-beb2-5e4f818c7755,result/feature_seg/49c5c7ab-2393-4ac5-a7fc-805d19f385cc_2.png
802,f8294c22-9dcc-4280-beb2-5e4f818c7755,result/feature_seg/bcc54110-f3e5-4045-bcb6-a05f8f11bd16_20.png
803,f8294c22-9dcc-4280-beb2-5e4f818c7755,result/feature_seg/bd11319c-49f9-4897-998d-de70fcc40c72_6.png
804,f8294c22-9dcc-4280-beb2-5e4f818c7755,result/feature_seg/8353ef56-cd1e-4ac9-8ada-3b05077ecb0b_23.png
805,f8294c22-9dcc-4280-beb2-5e4f818c7755,result/feature_seg/b5f68fb5-8941-46ca-86b2-10c6b7360b3c_2.png
806,f8294c22-9dcc-4280-beb2-5e4f818c7755,result/feature_seg/a496a32a-59bc-4125-b22b-ef36afe1058f_5.png
807,f8294c22-9dcc-4280-beb2-5e4f818c7755,result/feature_seg/49c1047b-e906-44a6-89fe-ca588aef08f3_8.png
808,f8294c22-9dcc-4280-beb2-5e4f818c7755,result/feature_seg/c5f75ab5-6a3c-4987-be1b-5a828043ccee_1.png
809,f8294c22-9dcc-4280-beb2-5e4f818c7755,result/feature_seg/d875ee3d-8a66-4acb-83d6-45c4f4254906_1.png
810,f8294c22-9dcc-4280-beb2-5e4f818c7755,result/feature_seg/6d39d720-2406-4e5e-b60b-8459b316ebef_2.png
811,f8294c22-9dcc-4280-beb2-5e4f818c7755,result/feature_seg/abd34754-0f64-42f2-89d5-c270c3efa505_7.png
812,f8294c22-9dcc-4280-beb2-5e4f818c7755,result/feature_seg/ce469290-4c8e-4591-9814-e1574620e5eb_7.png
813,f8294c22-9dcc-4280-beb2-5e4f818c7755,result/feature_seg/b5f68fb5-8941-46ca-86b2-10c6b7360b3c_20.png
814,f8294c22-9dcc-4280-beb2-5e4f818c7755,result/feature_seg/21b96a0f-6964-4083-8365-d9067098bfa6_20.png
815,f8294c22-9dcc-4280-beb2-5e4f818c7755,result/feature_seg/07177902-c81c-44b0-9cac-71020ed640ca_20.png
816,f8294c22-9dcc-4280-beb2-5e4f818c7755,result/feature_seg/845c0a91-e6af-4152-b67c-db547a32f09c_11.png
817,f8294c22-9dcc-4280-beb2-5e4f818c7755,result/feature_seg/d875ee3d-8a66-4acb-83d6-45c4f4254906_5.png
818,f8294c22-9dcc-4280-beb2-5e4f818c7755,result/feature_seg/bdc28a29-339a-4889-b88d-5fedc36a31a5_0.png
819,f8294c22-9dcc-4280-beb2-5e4f818c7755,result/feature_seg/a496a32a-59bc-4125-b22b-ef36afe1058f_1.png
820,f8294c22-9dcc-4280-beb2-5e4f818c7755,result/feature_seg/49c1047b-e906-44a6-89fe-ca588aef08f3_9.png
821,f8294c22-9dcc-4280-beb2-5e4f818c7755,result/feature_seg/d875ee3d-8a66-4acb-83d6-45c4f4254906_9.png
822,f8294c22-9dcc-4280-beb2-5e4f818c7755,result/feature_seg/abd34754-0f64-42f2-89d5-c270c3efa505_3.png
823,f8294c22-9dcc-4280-beb2-5e4f818c7755,result/feature_seg/02a2a714-ea3d-44aa-92de-33b45ac1a2f2_13.png
824,f8294c22-9dcc-4280-beb2-5e4f818c7755,result/feature_seg/92a752a7-c8e9-49bc-83af-f362d0f92974_8.png
825,f8294c22-9dcc-4280-beb2-5e4f818c7755,result/feature_seg/49c1047b-e906-44a6-89fe-ca588aef08f3_7.png
826,f8294c22-9dcc-4280-beb2-5e4f818c7755,result/feature_seg/6d39d720-2406-4e5e-b60b-8459b316ebef_12.png
827,f8294c22-9dcc-4280-beb2-5e4f818c7755,result/feature_seg/6d39d720-2406-4e5e-b60b-8459b316ebef_4.png
828,f8294c22-9dcc-4280-beb2-5e4f818c7755,result/feature_seg/459922c0-cf0c-41a0-bbd8-15bb1c4814f7_0.png
829,f8294c22-9dcc-4280-beb2-5e4f818c7755,result/feature_seg/a496a32a-59bc-4125-b22b-ef36afe1058f_8.png
830,f8294c22-9dcc-4280-beb2-5e4f818c7755,result/feature_seg/73594ea7-d99e-4a53-a928-9c122efecf8e_1.png
831,f8294c22-9dcc-4280-beb2-5e4f818c7755,result/feature_seg/459922c0-cf0c-41a0-bbd8-15bb1c4814f7_4.png
832,f8294c22-9dcc-4280-beb2-5e4f818c7755,result/feature_seg/d91bc9ad-abd2-420d-8f87-5174ee57d0c4_5.png
833,f8294c22-9dcc-4280-beb2-5e4f818c7755,result/feature_seg/0303ffed-f12a-42a7-85be-82636b3ed5a1_18.png
834,f8294c22-9dcc-4280-beb2-5e4f818c7755,result/feature_seg/c1cffe38-9d4c-4be1-b545-9e3a33e0f87b_7.png
835,f8294c22-9dcc-4280-beb2-5e4f818c7755,result/feature_seg/6d39d720-2406-4e5e-b60b-8459b316ebef_13.png
836,f8294c22-9dcc-4280-beb2-5e4f818c7755,result/feature_seg/9fbdfce5-0815-4677-a3e7-c8fa2620f880_10.png
837,f8294c22-9dcc-4280-beb2-5e4f818c7755,result/feature_seg/aa830332-9ff1-4802-9bd9-367004ebf4dd_9.png
838,f8294c22-9dcc-4280-beb2-5e4f818c7755,result/feature_seg/67e38eab-a758-4451-964a-3d8813e576ae_9.png
